PID,Poster,Gender,Title,PDate,PCont,PLike,PReply
226290629,臺北醫學大學,m,大學 生活 如詩 如畫,2017/4/30,在讀 大學 歲月 裡或 四年 六年 或將 畢業 回味 或剛 入學 期待 這段 大學 時光 註定 寫入 人生 長詩 中請 我的 大學 生活 為題 結合 自身 經歷 憧憬 寫成 一篇 完整的 作文 文體 文 長時間 皆 不限,6,1
226260030,臺北醫學大學,m,草莓,2017/4/25,番茄 蘋果 都是 紅色,22,9
226259854,臺北醫學大學,m,有沒有 學校 附近 房子 很雷的掛,2017/4/25,如題 最近 租房子 逛了 蠻多的 套房 有沒有 雖然 照片 看起來 還不錯 可是 實際上 有一些 入住 之後 知道 缺點,4,7
226259324,臺北醫學大學,m,停電 好口 怕 噢,2017/4/25,教研 上課 上到 一半 全黑 qq 以下 開放 還有 哪裡 災情,4,8
226248081,臺北醫學大學,f,關於 北醫 附近 租屋,2017/4/23,弱弱 地想 請教 一下 不知道 台北市 租房 一次 付清 一年 房租 然後 減 一個月 房租 這種 行情 嗎,5,7
226237450,臺北醫學大學,f,問 點名,2017/4/22,想問 各位 學長 姐 解剖學 吳祥 老師 點名 嗎 by 下星期 不想 上課 女子,6,24
226233084,臺北醫學大學,m,宿舍 床位,2017/4/21,枉費 我去 拜拜 上週 終於 抽到 宿舍 xd 對了 有沒有 宿舍 頂讓 床位 卦 之前 室友 聊到 之前 有人 買過,4,6
226232309,臺北醫學大學,m,臺 北 醫學 大學,2017/4/21,臺 北 醫學 大學,14,10
226221030,臺北醫學大學,m,口牙 之夜,2017/4/19,看到 黑特 北醫 都是 關於 口牙 之夜 求掛 ω,5,7
226215427,臺北醫學大學 藥學系,f,全民 一起 瘋 解剖 耶依,2017/4/18,最近 讀 解剖 真 ㄉ 敲 崩潰 ㄌ 物化 發現 鬼 我還是 乖乖 背 骨頭 肌肉 神經 先哭 今天 讀書 意外 發現 ㄉ 賴貼 圖裡 面 角色 剛好 看起來 有點 病 於是 發 ㄌ 限時 小獲 好評 ㄦ 室友 這樣有 比較 印象 就來 ㄌ 懇請 鞭 力點 大家 笑笑 不用 太 認真 嘿 哈哈 ㄌ 秀 ㄉ 差不多 這樣 有點 效 希望 你們 喜歡 那麼 祝 大家 期中 嗨 趴 哦 明天 就要 考試 ㄌ 睏 阿是 今天,119,11
226186885,臺北醫學大學,f,租屋,2017/4/14,千萬 別租 一位 長期 591 然後 佈置 高貴 那個 價錢 上面 只刊 5xxx,20,9
226133162,臺北醫學大學,f,甘泉 魚麵,2017/4/7,昨天 同學 吃完 之後 覺得 舒服 吐 幾次 胃到 現在 還是 舒服 想問 有沒有 衛生 八卦,3,11
226116100,臺北醫學大學,m,宿舍 抽籤 序號,2017/4/4,抽籤 請問 那個 小數點 序號 啊 小的 很不 明白,5,3
226089564,臺北醫學大學,f,操行 成績,2017/3/31,請問 成績 操行 成績 怎麼 申請 還是 直接 學生 學習 系統 裡 列印 不過 那個 處室 蓋章 謝謝,1,7
226085179,臺北醫學大學,m,求綠衣 八卦,2017/3/30,有沒有 1 天 就要 7200 元 八卦 顆顆,19,27
226074765,臺北醫學大學,m,學餐 這樣 真的 吃不下去,2017/3/29,盤裡 面 一次 菜蟲 蝸牛 畢竟 花椰菜 菜蟲 難免 還可以 算了 蝸牛 怎樣 啊啊啊 蝸牛 欸 蝸牛 欸 蝸牛 啊啊啊 啊 嘴裡 吐出來 蝸牛 啊啊啊 啊 驚恐 啊,30,15
226070607,臺北醫學大學,m,貓咪,2017/3/28,有沒有 知道 貓咪 發生 什麼事情 還有 黑特 到底在 黑 沒 跟到 求解,6,6
226064857,臺北醫學大學 藥學系,m,有沒有 醫綜 大樓 三樓 的掛,2017/3/27,已經 三年級 每次 搭 電梯 看到 三樓 按鈕 全黑 按不下去 之前 一次 爬樓梯 經過 門 也是 鎖著 有沒有 知道 三樓 到底是 做什麼,42,20
226062650,臺北醫學大學 藥學系藥學組,m,學校 打工 時數,2017/3/27,今天 問 姊姊 怎麼 學期 寫 時數 單子 姊姊 學期 換成 打卡 開學 現在 都沒 打過 卡 欸 之前的 時數 還算 嗎 姊姊 忙 不好意思 問,2,3
226061564,臺北醫學大學,f,北醫 旁邊 做臉,2017/3/27,不知道 北醫 女孩 們 最近 有沒有 拿過 一張 做臉 傳單 好像 就在 學校 旁邊 想問 看看 有沒有 人去 體驗 過呢,4,0
226052071,臺北醫學大學,f,問 修改 衣服,2017/3/25,北醫 附近 有沒有 推薦 修改 衣服 店 腿短 買 褲子 需要 給 別人 改,2,4
226050193,臺北醫學大學,f,關於 雲端 空間,2017/3/25,請問 學校 給的 雲端 空間 畢業 後會 收回去 嗎 電腦 方面 超弱 請 大家 救救,3,7
226038768,臺北醫學大學,f,求解 學費 到底,2017/3/23,學費 繳 那麼多 教務處 印 講義 扣 gan 都是 上課 講義 不會有 老師 亂放 ppt 印,21,4
226029680,臺北醫學大學,m,鼻子 過敏 的藥,2017/3/22,各位 同學 小弟 鼻子 過敏 嚴重的 時候 會去 看醫生 這次 看醫生 給我 開的 藥 吃了 會想 睡覺 而且 我覺得 沒辦法 集中 精神 看書 長 這樣 他們的 指示 早晚 一顆 吃 十四天 可是 我覺得 我不能 一直 嗜睡 而且 需要 集中 精神 看書 先問 專業的 學長 姐 這藥 能否 停 吃 吃了 兩顆 ps 我想去 中醫,6,11
226020865,臺北醫學大學,f,宅急 便 阿寶,2017/3/20,我也有 投在 黑特 北醫 不甘寂寞 想要 有人 表達 表達 看法 於是 發到 這好 宅 急 便 就是 阿寶 有人 緣 對了 阿寶 要不要 收編 吵成 這樣 那宅 急 便 牠 比較 警戒 心 exm 訓練出來 咬貓 狗 是有 警戒 心 逃得 掉 也不是 叫 小編 誰 也去 收編 宅急 便 說實話 本來 就是 流浪貓 誰 要帶 回家 養 根本 管不著 大家 牠 當成 校貓 每個人 覺得 牠 擁有 現在 有人 帶回去 開始 心理 不平衡 只是 覺得 以前 開始 宅急 便 阿寶 不被 重視 除了 真的 少數 照顧 宅急 便 其他人 不用說 多 愛貓 多 擔心 畢竟 擔心 宅急 便 發生 什麼事 只是 愛 阿寶 以及 不爽 以後 看不到 牠 而已 當然 就當作 我發 發牢騷 搞不好 宅急 便 反而 覺得 不被 當 動物園 參觀 生活 自在,24,18
226019629,臺北醫學大學 藥學系藥學組,m,my2 連線 不安全,2017/3/20,昨天 開始 登 my2 都會 這樣 之前 這種 情況 我用 火狐 不知道 是不是 瀏覽器 的問題,2,1
225992834,臺北醫學大學 保健營養學系,m,尋找 北醫,2017/3/16,在學 餐 撿到 劉 x 澤 健保卡 有人 認識 嗎,2,2
225940676,臺北醫學大學,f,學期 成績 總成 績,2017/3/8,哈囉 各位 這幾天 成績 剛 公布 發現 學期 成績 排名 總成 績 排名 數字 不一樣 想問 大家 知不知道 兩個 成績 排名 到底 差 rr 小女子 困擾 很久 謝謝 大家,5,6
225906407,臺北醫學大學,f,學校 貓貓,2017/3/2,學年 好像 都沒 看見 那隻 之前 杏春樓 附近 黑色的 貓咪 然後 寒假 回來 發現 教研 大樓 前面 一隻 貓咪 籃子 也不在 有人 知道 貓貓們 都到 哪裡 嗎,7,6
225900712,臺北醫學大學,m,創立 新 社團,2017/3/1,各位 我想 創立 社團 但是 擔心 人要 參加 qq 請問 大家 有沒有 對於 辯論 興趣 高中 經驗 一起 比賽 沒 經驗 也可以 藉 這個 機會 學習 邏輯 辯論 各種 技巧 喔,25,29
225842206,臺北醫學大學,f,資訊處,2017/2/20,今天 看到 前棟 4 樓 施工 請問 有人 知道 原本在 那裡 資訊處 有沒有 遷移 地點 現在 筆電 防毒 軟體 剛好 到期 必須要 重新 下載 一次 qq 謝謝,3,6
225839970,臺北醫學大學,f,游泳 檢定,2017/2/20,請問 各位 學長 姐在 大一 沒去 游泳 檢定 請問 游泳 檢定 好過 嗎 正在 思考 要不要 直接 補測 爬 文 知道 要考 游泳 技能 水中 自救,3,9
225823176,臺北醫學大學,f,學雜費 忘記 繳了,2017/2/17,嗨 忘記 註冊 請問 大家 學雜費 忘記 繳了 該 怎麼辦 剩 兩天 開學 假日 好像 銀行 之前 這樣的 經驗 還蠻 擔心 有人 救救 我嗎,3,5
225807626,臺北醫學大學,f,北醫 附近 髮廊,2017/2/15,最近 換個 新 髮型 不敢 隨便 碰雷 請問 大家 沒 推 北醫 附近 納家 髮廊 勒穴 穴 泥悶,5,7
225803924,臺北醫學大學,f,關於 學期 排名,2017/2/14,請問 各位 學長 姐 學期 排名 大概 什麼時候 會出來 小的 今年 大一 不懂 敬請 見諒,3,3
225779600,臺北醫學大學,f,忘了 繳學費 該 怎麼辦,2017/2/10,剛剛 看了 記事本 發現 繳學費 好像 截止 之前 都有 準時 交 不知道 怎樣 還有 管道 繳費 嗎,10,12
225758192,臺北醫學大學,f,醫管 研究所,2017/2/7,請問 醫管 研究所 學費 大約是 多少 評價 如何 謝謝,7,4
225757879,臺北醫學大學,f,重修 暑修,2017/2/7,想問 各位 學長 姐 重修 是不是 指 一年 後去 學弟妹 修 一樣的 課 重修 考 也是 一年 考 嗎 暑修 專門 不及格 辦的 嗎 暑修 上課 加 考試 嗎 對不起 這個 大一 無知 希望 有人 願意 回答 這樣 以後 學弟妹 需要 也可以 這邊 文 留言 得知 資訊,6,1
225699530,臺北醫學大學,f,新年快樂,2017/1/27,各位 前輩 後輩 同學 朋友們 大家 新年快樂,38,4
225683015,選課雷達,i,課程 105 張維揚 變態心理 學,2017/1/25,課程 名稱 變態心理 學 修課 學年 105 開課 系所 通識 授課 老師 張維揚 推薦 指數 45 分 評分 方式 分數 不甜 只要 認真 上課 做出來 報告 很好 或是 期末考 考 高分 拿到 90 分 以上的 分數 一開始 自我介紹 加分 出席率 占 分期 報告 每年 幾乎 一樣 只有 案例 主角 名字 會改 參考 之前 報告 分數 高的 應該 分數 不難 期末考 不難 認真 上課 一定會 認真 上課 考前 讀 一讀 老師 講義 也可以 會考 題 作業 型式 期中 報告 是給 一個 case 要用 老師 教的 分析法 寫 診斷 治療 期末考 就是 考 老師 講義 上課 教的 東西 會有 選擇 手寫 手寫 部分 很像 期中 報告 會給 一個 case 然後 課程 分析法 寫出 診斷 治療 其他 補充 這堂課 主要 介紹 一些 變態心理 學的 案例 疾病 特徵 治療 方法 強烈 建議 修過 普通心理學 來上 比較 吃力 真的 學到 東西 老師 上課 放的 影片 令人 印象 深刻 老師 解說 立刻 知道 這個 case 心理 分析,13,2
225683014,選課雷達,i,課程 105 唐功培 學習 理論 實務,2017/1/25,課程 名稱 學習 理論 實務 修課 學年 105 開課 系所 通識 授課 老師 唐功培 推薦 指數 45 分 評分 方式 不算 出席率 期中 好像 還好 期末 報告 最重要 還有 每堂 課 都有 小組 作業 回去 交 檔案 考題 作業 型式 第 一堂課 分組 一組 大概 五 六個人 期末 做出 一個 衛教 方案 老師 還不錯 上課 點名 只要 組 溝通 誰 上課 就好 每週一 作業 課程 在教 學習 理論 東西 套用 期末 衛教 方案 裡的 期末 上台 報告 小組 單位 其實 不難 有點 麻煩 而已 其他 補充 不需要 基礎 老師 講話 慢慢地 催眠,1,8
225683013,選課雷達,i,課程 105 彭立忠 影像 近代 中國,2017/1/25,課程 名稱 影像 近代 中國 修課 學年 105 開課 系所 通識 授課 老師 彭立忠 推薦 指數 55 分 評分 方式 分數 不太 甜 考試 上課 多 分享 想法 線上 課堂 討論 版 也要 多多 發文 考題 作業 型式 考試 作業 小組 參訪 博物館 讀書 心得 其他 補充 主要是 欣賞 關於 近代 中國歷史 影片 老師 挑的 片例 蠻 不錯的 引領 大家 思考 內容 深刻,1,0
225683012,選課雷達,i,課程 104 下陳俊霖 生態 環保 醫療,2017/1/25,課程 名稱 生態 環保 醫療 修課 學年 104 開課 系所 通識 授課 老師 陳俊霖 推薦 指數 55 分 評分 方式 個人 報告 團體 報告 一學期 點 幾次 名會 先 告訴 考題 作業 型式 考試 只有 報告 其他 補充 老師 很好,2,3
225683011,選課雷達,i,課程 105 張國城 審議 民主 新移民 人權,2017/1/25,課程 名稱 審議 民主 新移民 人權 修課 學年 105 開課 系所 通識 授課 老師 張國城 推薦 指數 55 分 評分 方式 學期 初 時候 選 1 考 期末考 會給 題庫 準備 2 每週 交 反思 3 擔任 某次 會議 專家 上台 報告 都是 直接 佔 100 偶爾 點個 名當 加分 考題 作業 型式 1 選擇 考 期末考 學期 間 任何 作業 需要 期末考 全都是 手寫 題 不過 準備 就不會 難 2 選擇 寫 反思 每週 上課 交 一頁 a4 紙本 反思 3 選擇 擔任 專家 針對 某一 議題 回家 深入研究 然後 上台 報告 12 分鐘 本 學期 廢 18 優存 看法 其他 補充 課內 容 我覺得 滿有 收穫 喚起 公共 議題 基本 人權 關注 引導 一件事 更多 思考 面向 還有 每堂 課 老師 都會 回答 反思 裡頭 同學 提到 的問題 時事 搞笑 老師 都很 願意 回答 ex 對川普 上任 看法 or 台灣 是不是 快被 中共 統一 or 人生 怎麼 這麼難 xd 有意思 一堂課 而且 分數 甜到 一個 炸掉 從來沒 拿過 這麼 高分 啊,13,3
225683010,選課雷達,i,課程 105 上范 家主 授 老師 國際 志工 醫療 合作,2017/1/25,課程 名稱 國際 志工 醫療 合作 修課 學年 105 開課 系所 通識 授課 老師 范 家主 授 老師 推薦 指數 55 分 評分 方式 每堂 上課 都會 點名 主要是 期末 組 報告 個人 報告 都沒有 考試 考題 作業 型式 期末 報告 占分 比較重 認真 完成 報告 內容 假設在 寒暑假 帶隊 志工 服務 設計 出 整個 行程 規劃 不限 國內 有點 類似 企劃書 概念 平常 上課 請來 老師 都會 分享 帶隊 出國 服務 經驗 這門課 其實 學到 不少 其他 補充 每週 老師 很好 同學 只要在 台下 乖乖的 聽課 就行了 有時 還可以 邊做 自己的 事情,0,0
225683009,選課雷達,i,課程 105 劉玉華 社會 服務 功能 技巧,2017/1/25,課程 名稱 社會 服務 功能 技巧 修課 學年 105 開課 系所 通識 授課 老師 劉玉華 推薦 指數 55 分 評分 方式 個人 學習 50 隨堂 單元 主題 學習 單 課堂 參與 小組 學習 50 學期 社會 服務 行動 方案 計畫 設計 成果 實際 行動 考題 作業 型式 作業 很少 只有在 特定 活動 結束 才會 寫 心得 平時 不需要 寫 反思 重要的 學期 末 實際 社會 服務 行動 其他 補充 老師 很好 還給 同學們 幾次 課 時間 老 師說 不要 太 誇張 就好,4,0
225683008,選課雷達,i,課程 105 邱婉淳 食品 健康,2017/1/25,課程 名稱 食品 健康 修課 學年 105 開課 系所 通識 授課 老師 邱婉淳 推薦 指數 55 分 評分 方式 期中 報告 蠻 重要的 一定要 交 不然 當是 關於 食品 報告 兩面 書面 而已 很簡單 期末 考試 不過 佔分 不多 裸考 學期 還是 85 以上 準備 一下 90 以上 考題 作業 型式 期中 紙本 報告 兩面 關於 食品 題目 其他 補充 課程 關於 食品 大蒜 啊 健康 飲食 而且 很多 遠距,6,4
225683007,選課雷達,i,課程 105 吳哲硯 電影 英文,2017/1/25,課程 名稱 電影 英文 修課 學年 105 開課 系所 通識 授課 老師 吳哲硯 推薦 指數 45 分 評分 方式 普通 偶爾 點名 沒 點到 斟酌 扣分 考題 作業 型式 期 中聽 影片 寫 英文 字幕 期末 寫 一篇 關於 電影 分析 心得 其他 補充 課程 比較 偏向 電影 手法 技巧 分析 還有 場景 構圖,6,5
225671175,臺北醫學大學 藥學系,f,有機 重修 問題,2017/1/23,不好意思 想問 一下 學長 姊 二上 有機 被當 重修 過嗎 查課 表 發現 三上 四上 課 都會 衝堂 只有 學年 課 好像 也不會 單單 開 暑修班 請問 經驗 學長 姐是 怎麼 解決 這個 問題 還是 真的 只能 延畢,5,8
225657232,選課雷達,i,課程 105 王承怡 旅遊 英文,2017/1/21,課程 名稱 旅遊 英文 修課 學年 105 開課 系所 通識 授課 老師 王承怡 推薦 指數 45 分 評分 方式 每堂 課 點名 作業 很簡單 期中 一個 團體 報告 期末 一個 戲劇 表演 不難 分數 滿甜 考題 作業 型式 作業 完成 課本 題目 很簡單 期中 團體 報告 期末 戲劇 表演 很好 準備 其他 補充 老師 超級 但是 每堂點 名滿 常點 回答 問題 不難,4,2
225657231,選課雷達,i,課程 105 胡蘊玉 台灣 文學,2017/1/21,課程 名稱 台灣 文學 修課 學年 105 開課 系所 通識 授課 老師 胡蘊玉 推薦 指數 35 分 評分 方式 每周 反思 要寫 偶爾 課堂 會有 zuvio 問答 測驗 順便 當 點名 考題 作業 型式 每周 反思 分 三次 交 期中 期末 其他 補充 老師 大多 ppt 講解 台灣 文學 大小事 不用 基礎 上課 輕鬆 老師 很喜歡 聊天 偶爾 會有 看影片 時間 關於 每個 時代 都會 一節課 討論 文本 一定要 記得 老師 抽人問 沒 非常 生氣,1,1
225657230,選課雷達,i,課程 105 陳 今偉 多位 老師 合開 意識 科學哲學,2017/1/21,課程 名稱 意識 科學哲學 修課 學年 105 開課 系所 通識 授課 老師 陳 今偉 多位 老師 合開 推薦 指數 35 分 評分 方式 期中 期末 40 每堂 課上 完 要問 三個 問題 繳交 回去 英文 授課 為主 考題 作業 型式 大致上 就是 每堂 課會 填 三個 問題 回去 其他 補充 課程 很有 深度 基本上 聽 不太 懂,4,2
225657229,選課雷達,i,課程 104 李文 綺 生物資訊學,2017/1/21,課程 名稱 生物資訊學 修課 學年 104 開課 系所 通識 授課 老師 李文 綺 推薦 指數 15 分 評分 方式 非常 不甜 每節 考試 還要 反轉 教室 考題 作業 型式 每人 一個 專題 翻轉 教室 其他 補充 不好,2,2
225657228,選課雷達,i,課程 105 楊 明達 游泳,2017/1/21,課程 名稱 游泳 修課 學年 105 開課 系所 通識 授課 老師 楊 明達 推薦 指數 55 分 評分 方式 老師 人超 強調 互相 尊重 考題 作業 型式 輕鬆 游泳 啊 其他 補充 基礎 班會 教 重要的 水中 自救 進階 則是 教 蛙式 修正 動作,3,11
225657227,選課雷達,i,課程 105 上陳迪群 日語 二,2017/1/21,課程 名稱 日語 二 修課 學年 105 開課 系所 通識 授課 老師 陳 迪群 推薦 指數 35 分 評分 方式 課前 叫 同學 上台 書寫 之前 教過 的部分 然 後會 點人 口頭 中文 翻譯成 日文 考試 很難 單字 一定要 背熟 對日 文 很大的 興趣 建議 修 廖 老師 課 考題 作業 型式 就和 前面 寫的 一樣 那些 平時 成績 期末 還會 一次 考試 其他 補充 其實 老師 健談 只是 希望 大家 好好 學習 日文 才會 那樣 方式 上課,1,1
225657226,選課雷達,i,課程 105 上陳瑞玲 中國 藝術史,2017/1/21,課程 名稱 中國 藝術史 修課 學年 105 開課 系所 通識 授課 老師 陳 瑞玲 推薦 指數 45 分 評分 方式 課程 上會 教授 許多 中國 傳統藝術 相關的 課程 紮實 學期 中要 完成 組別 報告 個人 報告 一份 組別 報告 有點 難度 但有 完成 分數 大概 都在 80 以上 算是 很甜 很涼的 課 考題 作業 型式 個人 作業 期中 左右 會出 大概 就是 問問 故宮 感覺 內部 一些 擺放 改進 建議 組別 報告 全組 討論 一件 作品 並且 做出 報告 一份 其他 補充 老師 擅長 中國畫 部分 會帶 一些 仿品給 同學 如果在 作業 上有 任何 問題 都可以 老師 尋求 協助,1,1
225657225,選課雷達,i,課程 105 上林 佳靜 死亡 學,2017/1/21,課程 名稱 死亡 學 修課 學年 105 開課 系所 通識課 授課 老師 林佳靜 推薦 指數 55 分 評分 方式 整個 學期 只有 兩份 作業 要交 就是 遺囑 看影片 書籍 心得 分享 兩份 作業 佔蠻 重的 再來 就是 出席率 每次 上課 都會 點名 真的 每次 點名 考題 作業 型式 考試 只有 作業 遺囑 方面 也是 喜歡 怎麼 寫 怎麼 寫 寫在 一張 紙上 電腦 其他 補充 林佳靜 老師 人超 不太 常來 上課 會有 其他 老師 代課 教 關於 死亡 其他 東西,9,1
225657224,選課雷達,i,課程 105 胡蘊玉 台灣 文學,2017/1/21,課程 名稱 台灣 文學 修課 學年 105 開課 系所 通識 授課 老師 胡蘊玉 推薦 指數 25 分 評分 方式 老師 很喜歡 反思 基本上 寫 三個 禮拜 反思 然後 一次 交 三篇 基本上 很像 歷史課 老師 會帶 一些 符合 課程 內容 書來 班上 想要 看的 登記 借閱 每次 主題 結束 時候 老師 都會 挑 主題 有關的 電影 點名 非常 固定 微涼 微甜 考題 作業 型式 考試 反思 測驗題 評分 測驗 分 兩種 一種 老師 每次 主題 都會 給 一些 文章 會有 一堂課 先用 zuvio 一些 文章 有關的 題目 討論 文章 主要是 想看 同學 有沒有 認真 看完 第 二種 測驗 則是 看完 電影 後用 zuvio 回答 電影 有關的 問題 基本上 都是 選擇題 其他 補充 就當作 聽 歷史課 反思 老師 喜歡 想法 反思 像 寫 部落格 一樣 畫圖 表情 符號 os 都可以 寫,1,0
225657223,選課雷達,i,課程 105 簡士捷 希臘 羅馬 神話,2017/1/21,課程 名稱 希臘 羅馬 神話 修課 學年 105 開課 系所 通識課 程 授課 老師 簡士捷 推薦 指數 55 分 評分 方式 只有 出席率 報告 作業 超甜 超涼 有去 上課 分數 80 起跳 本人 混混 學生 作業 從沒 交過 補交時 期限 已過 qq 老師 非常 用心 教學 上課 常要 小組討論 問題 並上 台 分享 中英文 ok 作業 就要 全英文 對於 喜歡 神話 故事 同學 真的 非常 推 很喜歡 這個 課程 考題 作業 型式 沒 考試 作業 每次 上課 最後 老師 丟兩三題 反思 小組 會在 課堂 上先 討論 回家 打成 電子檔 上傳 ok 其他 補充 老師 真的 超 好好 捨不得 翹課 任何 問題 去問 也會 熱心 解答,4,1
225657222,選課雷達,i,課程 104 徐碧霞 電影 英文 流行 文化,2017/1/21,課程 名稱 電影 英文 流行 文化 修課 學年 104 開課 系所 英文 通識 授課 老師 徐碧霞 推薦 指數 45 分 評分 方式 期中考 期末 影片 出席率 上課 發言 考題 作業 型式 考試 考 電影裡 單字 老師 挖 空格 選單 字 進去 期末 影片 寫 劇本 拍 大概 五分鐘 短片 其他 補充 時不時 會看 整堂 課 電影 禮拜 就是 討論 電影 內容 也會 針對 一些 主題 提問 請 同學 回答 老師 很好 嗨 很喜歡 同學們 上課 多 發言 基本上 分數 都可以 八十幾,2,1
225657221,選課雷達,i,課程 104 廖兆陽 日文,2017/1/21,課程 名稱 日文 修課 學年 104 開課 系所 通識 授課 老師 廖兆陽 推薦 指數 35 分 評分 方式 期中 期末 50 但考 期末考 時候 老 師說 期末 及格 就給 及格 考題 作業 型式 期中 五十 音平 假片 假 配對 簡單 名詞 動詞 形容詞 期末考 句子 重組 會話 課本 單字 其他 補充 日文 就是 給 完全 日文 基礎 同學 修的 喔 老師 上課 完全 不會 點名 也不會 小考 完全 自己的 努力 讀 下去 老師 還沒 教 五十 音 之前 就在 黑板 寫了 一堆 日文 根本 看不懂 也不會 寫 不過 老師 很好 想學 日文 認真 唸書 同學 一定要 選,3,0
225657220,選課雷達,i,課程 104 下日 105 上日 二 廖兆陽 日文 廖兆陽,2017/1/21,課程 名稱 日文 廖兆陽 修課 學年 104 下日 105 上日 二 開課 系所 通識 選修 授課 老師 廖兆陽 推薦 指數 55 分 評分 方式 期中 期末 除二 考題 作業 型式 考題 考試 前 一節 老師 題型 其他 補充 老師 教得 很好 淺顯易懂,1,0
225657219,選課雷達,i,課程 102 上林 文琪 古琴 哲學 實踐,2017/1/21,課程 名稱 古琴 哲學 實踐 修課 學年 102 開課 系所 通識 中心 授課 老師 林文琪 推薦 指數 45 分 評分 方式 出席率 技術 實作 佔 15 佔 最重的 就是 反思 寫作 佔了 50 都有 寫 老師 也不會 怎麼 刁難 還有 個個 報告 應該是 期末考 彈 古琴 那個 一些 其他 雜項 佔 10 考題 作業 型式 考試 只有 學期 末 最後 一堂 考彈 上課 教過 其中 一首 古琴曲 子 蠻 簡單的 選要彈 哪一首 其他 補充 上課 兩個 時分 兩個 部分 一小時 哲學 課 禮記 我覺得 有點 無聊 喜歡 古文 很喜歡 老師 討論 一些 想法 可能會 蠻 喜歡 這個 部分 一小時 古琴 課 超酷的 古琴 古箏 不一樣 很有 古時候 樂器 味道 很難 學的 一種 樂器,1,1
225657218,選課雷達,i,課程 105 劉彥 蘭新 環境 心理學,2017/1/21,課程 名稱 新 環境 心理學 修課 學年 105 開課 系所 通識 授課 老師 劉彥 蘭 推薦 指數 55 分 評分 方式 期中 期末 交 報告 非常 甜 考題 作業 型式 交 報告 期中 臺 報告 其他 補充 老師 很好,2,9
225657217,選課雷達,i,課程 105 上賴 淑芳 歌劇 賞析,2017/1/21,課程 名稱 歌劇 賞析 修課 學年 105 開課 系所 通識 授課 老師 賴 淑芳 推薦 指數 45 分 評分 方式 分數 沒出來 不過 應該是 絕對 很甜 你是 醫牙 男生 必定 甜 你是 其他 系 男生 甜 女生 男生 稍低 不過 不會 糟 到哪去 考題 作業 型式 期中 分組 演 歌劇 只要 老師 其他 組 改進 部分的 做好 不要在 臺 搞笑 老師 碎碎念 就會 少一點 期末 才藝 表演 只要有 表演 都好 記得 表演 其他 補充 老師 其實 就是 喜歡 高的 斜 劉海 醫牙 男生 你是 男生 的話 選 一下 然後 點名 不太 需要,3,0
225657216,選課雷達,i,課程 104 劉玉華 金瓶梅 情愛 關係 探討,2017/1/21,課程 名稱 金瓶梅 情愛 關係 探討 修課 學年 104 開課 系所 通識 授課 老師 劉玉華 推薦 指數 55 分 評分 方式 甜 紮實 認真 聽 學到 東西 點名 最近 好像 偶爾 會點 不過 沒 考試 其他 經典 課程 一樣 每週 寫 反思 就行了 好像 幾乎 不會 當人 考題 作業 型式 一組 一學期 一次 報告 看書 帶 大家 導讀 就行 每堂 根據 課程 內容 寫 反思 其實 不用 上課 老師 講義 寫 就行了 其他 補充 這堂課 著重 金瓶梅 內容 反而 重於 情愛 關係 內容 學到 老師 對於 現代 情侶 夫妻 相處 之道 如何 應對 危險 情人 等等 老師 還會 請 自己的 情感 專家 朋友 演講,4,0
225657215,選課雷達,i,課程 105 潘力 誠 微積分,2017/1/21,課程 名稱 微積分 修課 學年 105 開課 系所 保健 選修 授課 老師 潘力 誠 推薦 指數 45 分 評分 方式 小考 10 期中 40 期末 50 有時候 小考 當加 分用 題目 全 手寫 老師 會給 考古 基本上 都是 考古 有讀 高分 考題 作業 型式 不用 交 作業 也不 點名 小考 記得 考期 期末 考古 其他 補充 上課 主要是 微積分 高中 東西 加深 加廣 不需要 太 緊張 老師 從頭 教 課後 也可以 去問 老師 僑生 一起 課後 補課,2,0
225631844,選課雷達,i,課程 104 邱佳慧 論語 現代 社會,2017/1/16,課程 名稱 論語 現代 社會 修課 學年 104 開課 系所 通識 教育 中心 授課 老師 邱佳慧 推薦 指數 55 分 評分 方式 反思 40 平常 30 出席 期末 團體 報告 20 課堂 表現 10 老師 印象 分數 基本上 分數 比重 調整 空間 老師 民主 投票表決 考題 作業 型式 課堂 反思 10 篇 左右 孔廟 參訪 決戰 春秋 影片 心得 其他 補充 老師 認真 這堂課 論語 大學 生活 連結 老師 反思 批改 得很 認真 相信 大家 都有 基本的 儒家 常識 修 這門課 你會 很不 一樣的 收穫,6,2
225631843,選課雷達,i,課程 105 韓德彥 性別 心理健康,2017/1/16,課程 名稱 性別 心理健康 修課 學年 105 開課 系所 通識 授課 老師 韓德彥 推薦 指數 55 分 評分 方式 一堆 作業 大概 510 上課 舉手 發言 加分 然後 一些 臺 報告 不用 花 太多 時間 準備 講 一講 都有 90 起跳 考題 作業 型式 個人 反思 4 一些 作業 執行 心得 期末 報告 pot 臺 其他 補充 探討 兩性 議題 藉 上課 作業 理由 異性 約會 探討 一般人 不太會 日常生活 探討 害羞 話題 一些 影片 討論,2,7
225631842,選課雷達,i,課程 105 許怡 欣醫 寓言,2017/1/16,課程 名稱 醫所 寓言 修課 學年 105 開課 系所 通識 授課 老師 許怡欣 推薦 指數 55 分 評分 方式 個人 報告 60 作業 30 其他 10 考題 作業 型式 2 個個 報告 依照 上課 指示 運用 教的 內人 應該 不難 作業 課後 心得 3 5 句 即可 其他 個人 評分 數 其他 補充 老師 上課 有趣 課程 內容 滿 多元 學期 有請 一位 理財專家 授課 部分 課程,1,1
225631841,選課雷達,i,課程 104 張維揚 變態心理 學,2017/1/16,課程 名稱 變態心理 學 修課 學年 104 開課 系所 通識 授課 老師 張維揚 推薦 指數 45 分 評分 方式 期中 50 報告 期末 50 考試 考題 作業 型式 期中 報告 分析 實際 案例 老師 上課 會教 怎麼 寫 期末 考試 上課 教過 內容 選擇 問答題 其他 補充 簡介 各種 變態心理 疾病 老師 本身 即為 諮商 師 上課 講解 許多 案例 以及 播放 相關 疾病 影片,2,1
225631840,選課雷達,i,課程 104 下何 建志 醫療 法律 醫學 倫理,2017/1/16,課程 名稱 醫療 法律 醫學 倫理 修課 學年 104 開課 系所 通識 授課 老師 何建志 推薦 指數 25 分 評分 方式 出席 30 期中 期末 35 考試 先給 題庫 平常 很涼 一到 考試 就會 痛苦 qq 考題 作業 型式 考試 是非 選擇 問答題 其他 補充 簡介 醫療 相關 法律 醫療 倫理 議題,0,3
225631839,選課雷達,i,課程 105 劉玉華 情緒 管理,2017/1/16,課程 名稱 情緒 管理 修課 學年 105 開課 系所 通識 授課 老師 劉玉華 推薦 指數 45 分 評分 方式 報告 出席 考題 作業 型式 無 考試 團體 報告 其他 補充 老師 上課 不僅 傳授 知識 交 面對 問題 應該 如何 正向 面對,1,0
225631838,選課雷達,i,課程 105 張偉 玨 中醫 思維 感性認識,2017/1/16,課程 名稱 中醫 思維 感性認識 修課 學年 105 開課 系所 通識 授課 老師 張偉 玨 推薦 指數 55 分 評分 方式 出席率 20 作業 24 隨堂 考 6 期末 報告 10 期末考 20 課程 日誌 反思 寫作 20 考題 作業 型式 幾份 反思 中醫 實際 作業 期末 問診單 望聞問切 單 其他 補充 這堂課 老師 認真 內容 精彩 老師 課程 設計 易懂 對於 完全 不懂 中醫 都可以 一學期 下來 搞懂 中醫 基礎 概念 整堂 課 天干地支 五行 都有 涉略 脈 觀象 拔罐 等等 也都 非常 值得 學習 一門 好課,2,3
225631837,選課雷達,i,課程 105 上賴 淑芳 表演藝術 古典音樂 表演,2017/1/16,課程 名稱 表演藝術 古典音樂 表演 修課 學年 105 開課 系所 通識 授課 老師 賴 淑芳 推薦 指數 35 分 評分 方式 分數 完全 老師 你的 印象 看法 決定 滿 主觀 尤其 老師 脾氣 陰晴不定 有時會 莫名 發火 大笑 特別 喜歡 男生 除了 你在 期末考 表演 樂器 平常 多 坐在 前排 聽說會 比較 高分 出席率 的話 通常 不會 點名 但有 一次 老師 突然 點名 來的 通通 加分 可是 最後 喇賽 喇掉 點名 整體 來說 我是 覺得很 涼 不錯 甜 都能 9 開頭 尤其是 男生 考題 作業 型式 期中考 期末考 就是 才藝 表演 一分鐘 加上 講 一個 笑話 主要的 分數 就是 來自 期中 醫院 表演 學期 一開始 會先 分組 一組 差不多 20 然後 抽 表演 醫院 籌畫 約 23 月 就去 醫院 辦 公益 音樂會 老師 不知道 為什麼 重視 企劃書 格式 內容 常常 上課時 叫 企劃 出 來給 看邊 看邊 修改 會花 很多 時間 30 分鐘 1 小時 以上 通常 下面的 同學會 滑 手機 發呆 其他 補充 通常 老師 照 心情 上課 就上 常常 喇賽 喇 喇掉 兩節課 學期 初 時候 下面 玩什麼 老師 通常 不會 怎樣 別太吵 就好 學期 中會 開始 一組 彩排 一週 兩組 老師 會幫 你們 糾正 主持 人口 條 表演 組 演奏 還會 叮嚀 場務要 做什麼 彩排 大概 23 週 醫院 表演 全程 錄影 老師 老師 脾氣 極為 陰晴不定 大多 時候 不錯 吼 別 太 傷心 下次 忘記了 還有 特別 喜歡 男生 男生 們 多多 把握,3,3
225631836,選課雷達,i,課程 105 鄭信 中牙 醫學 概論,2017/1/16,課程 名稱 牙 醫學 概論 修課 學年 105 開課 系所 牙醫 牙體 口衛 大一 選修 授課 老師 鄭信 推薦 指數 55 分 評分 方式 超甜 只有 期末 還是 報告 考題 作業 型式 期末 報告 而已 其他 補充 簡單的 口腔疾病 蛀牙 填補,0,2
225631835,選課雷達,i,課程 105 上賴 淑芳 音樂 音樂 作品 欣賞,2017/1/16,課程 名稱 音樂 音樂 作品 欣賞 修課 學年 105 開課 系所 通識 授課 老師 賴 淑芳 推薦 指數 45 分 評分 方式 其實 也不 知道 怎麼 計算 欸 男生 可能會 比較 高 期中 團體 報告 期末 個人 團體 表演 分數 還算 甜課 蠻 涼 考題 作業 型式 期中 團體 報告 期末 個人 團體 表演 報告 就是 像 蕭邦 生平 表演 就是 唱歌跳舞 音樂 相關 即可 其他 補充 這門課 很涼用 輕鬆的 態度 上課 就好 老師 早 8 課 都會 遲到 十 幾分鐘,0,1
225631834,選課雷達,i,課程 105 潘力 誠 醫學 工程 概論,2017/1/16,課程 名稱 醫學 工程 概論 修課 學年 105 開課 系所 通識 授課 老師 潘力 誠 推薦 指數 45 分 評分 方式 一門 涼課 沒到 很甜 大概 8x 會有 一些 作業 需要 分組 動腦 思考 醫療 器材 研發 研究 各項 作業 佔 10 期末 報告 佔分 比例 較高 其實 也不 太 知道 多少 考題 作業 型式 會有 一些 作業 需要 分組 動腦 思考 醫療 器材 研發 研究會 word ppt 呈現 內容 當然 各組 自由 發揮 囉 其他 補充 上課 講解 一些 醫療 案例 醫療 器材 製作 原理 以利 發想 也會 告訴 如何 完成 作業 內部 細節,0,1
225631833,選課雷達,i,課程 105 上周 昭廷 認知 科學 經典 英文 閱讀,2017/1/16,課程 名稱 認知 科學 經典 英文 閱讀 修課 學年 105 開課 系所 通識 授課 老師 周昭廷 推薦 指數 55 分 評分 方式 大概會 佔 40 期中 20 期末 好像 20 其餘 則為 出席 onlineresponses 這個 就是 課後 預習 從中 出 一些 題目 這個 onlineresponses 很棒 一點 是當 某個 地方 不太 懂 下次 上課 立即 針對 那個 地方 仔細聽 反思 認真 寫 應該 都有 90 以上 期中 期末 其實 都是 課內 容 只要 上課 認真 接近 滿分 沒問題 這門課 分數 很甜 也是 一門 充滿 語言 方面 心理學 課程 由於 反思 可能 沒 那麼 涼 反思 都是 心理學 書籍 所以會 獲益 良多 一門 充實的 課程 考題 作業 型式 期中 期末 都是 老師 要求 出題 再加上 老師 題目 可能會 先給 1520 題 類似 題庫 抽出 10 題 考期 中有 bonus 出 11 題 作業 就是 認真 寫 就會 超高 其他 補充 老師 上課 速度 偏小快 老師 帶給 心理學 方面 知識 真的 很多 認真 聽會 很有 收獲 內容 不難 老師 都會 說的 非常 仔細 其實 人超 nice 問題 歡迎 下課 解惑 1061 好像 這門課 改叫 語言 人類 心智 這種 有點 忘記了,3,0
225631832,選課雷達,i,課程 105 張亨予 生物化學,2017/1/16,課程 名稱 生物化學 修課 學年 105 開課 系所 藥學系 必修 授課 老師 張亨予 推薦 指數 25 分 評分 方式 期中 期末 50 考題 作業 型式 全部 選擇 其他 補充 反應 酵素 前後 產物 超愛考,1,0
225631831,選課雷達,i,課程 105 上林 美宏 英文 作文,2017/1/16,課程 名稱 英文 作文 修課 學年 105 開課 系所 通識 授課 老師 林美宏 推薦 指數 45 分 評分 方式 1 老師 不會 點名 但是 不去 上課 就會 不知道 作業 怎麼 寫 2 整體 來說 算是 不錯 扎實 一門課 維持 英文 熟悉度 也能 真正 學到 一些 正式的 英作 格式 寫法 3 全程 中文 授課 老師 講的 東西 都很 淺顯易懂 也會 帶著 大家 完成 作業 前置 寫 essay 時會 輕鬆 很多 4 學期 會有 23 individualconference 老師 or 助教 一對一 討論 十分鐘 諮詢 走了 全部 分成 兩週 排到 第一 週去 下次 就不用 等於是 放假 5 整 學期 都是 個人 作業 分組 分組 分組 不用 擔心 組員 雷 考題 作業 型式 考試 學期 開始要 先定 一個 具 爭議性 主題 然後 陸續 會有 projectproposal 選題 動機 主題 大綱 介紹 literaturereview 整理 選 三篇 reference 寫出 interviewreport 訪問 報告 ps 訪問 對象 重要 事先 找 不然 到時 會約 不到 argumentessay 最後 總結 表達 立場 輕鬆的 一篇 總共 四篇 老師 帶著 大家 一起 討論 評分 也是 完全 四篇 作業 決定 其他 補充 課內 容易 懂 有些 東西 不會 沒關係 作業 太大 影響 我滿 多 時候 也沒 聽講 課 老師 非常 非常 看到 上課 別的 事 不會 怎麼樣 只是 他會 常常 點 同學 分享 一下 意見 回答 問題 如果有 問題 問他 不用 害怕,2,0
225631830,選課雷達,i,課程 105 李崇熹 醫藥 衛生 智慧財產權,2017/1/16,課程 名稱 醫藥 衛生 智慧財產權 修課 學年 105 開課 系所 通識 授課 老師 李崇熹 推薦 指數 35 分 評分 方式 期初 講的 評分 期末 評分 完全 不一樣 參考 即可 考題 作業 型式 作業 powercam 最後 一張 ppt 會有 作業 大多是 利用 google 查 一些 定義 案例 考試 其他 補充 課程 音質 超差 學到 東西 算 比較 粗略 適合 初學 認識 智慧財產權 期末 一個 小組 報告 報告 教授 會問 一些 問題 然後 最後 修改 整理 上傳 不過 教授 時間 控制 很差 有些 組別 根本 報告,1,1
225631829,選課雷達,i,課程 105 陳 怡君 飲食 文化,2017/1/16,課程 名稱 飲食 文化 修課 學年 105 開課 系所 通識 授課 老師 陳 怡君 推薦 指數 55 分 評分 方式 期中考 填充 有看 上課 講義 就會 考試 前會 先在 my2 上給 同學 猜題 期末 兩人 一組 報告書 內容 點名 分數 890 左右 老師 愛 上課 舉手 回答 加分 考題 作業 型式 期中 填充 期末 兩人 報告 一題 回答 差不多 其他 補充 講 飲食 文化 輕鬆,3,3
225622167,課程小天使,i,分享 課程 心得 抽 大獎 額,2017/1/17,存錢 難 進步 難 脫魯難 歐 趴難 知道 這些 都是 為什麼 那麼 難 嗎 選課 困難 課選得 打工 存錢 沒 煩惱 課選得 進步 長 知識 樂陶陶 課選得 閃光 get 脫魯好 法寶 課選得 歐 趴 嗨 趴 機率 高 各位 客倌 看看 選課 大學 之母 啊 不過 到底 找 課 怎麼 選個 課比 找到 合適的 閃光 還難 啊 現在 就讓 dcard 一起來 幫忙 一個人 力量 微小 但當 dcard 一起 改變 某些 事 大家 一起 樓上 揪 樓下 一起來 分享 過去的 修課 經驗 只要 課程 評價 填 進表單 dcard 幫手 們 就會 幫 大家 整理 成 文章 發到 校板 大家 挑課 緊張 選課 零 受傷 唷 表 單在 httpsgooglh41ptt 歡迎 大家 一起 分享 給 同學們 唷 選課 一時的 上課 一學期 dcard 只好 連 上課 包 開學 憂鬱 上學 變 有趣 backtoschool 抽獎 開跑 活動 時間 今天 起到 2 月 19 日 填寫 課程 評價 表單 2 月 24 日 下午 4 點 準時 直播 開獎 活動 辦法 每填 一門課 程 評價 一次 抽獎 機會 get 唷 評價 直直 填 中獎 機率 加倍 加倍 獎品 清單 雙人 砸 派機 你是 派 轉轉 釣魚 機 那些 假的 釣魚 文 不要 給我 撒野 喔 復古 鉛筆盒 機關算盡 太 聰明 七百元 禮券 50 組玖壹 壹 七 一一 很多 威秀 電影票 兩張 5 組 單身 算 爽 兩次 潮潮 背包 你的 背包 潮得 不要 不要 行 這麼多 快來 寫 心得 抽 大獎 瞎 趴 瞎 趴地 開學,34,2
225600301,臺北醫學大學,f,請 大家 注意 附醫前 計程車,2017/1/13,大家 小心 附醫前 排班 車頂 掛 吳興 自營 大型 計程車 梁姓 司機 言行舉止 非常 惡劣 今天 帶著 六 十幾歲 阿姨 附醫 計程車 威秀 看電影 一位 阿姨 左側 無力 意識 清楚 坐 輪椅 費了 一番 功夫 坐 上前 座 司機 阻止 幫 阿姨 繫安全帶 等到 都坐 上車 之後 一切 開始 司機 要到 信義 威秀 謝謝 威秀 回家吧 斜眼 看向 阿姨 信義 威秀 謝謝 確定 威秀 回家吧 信義 威秀去 威秀 玩 嗎 看電影 看得懂 嗎 斜眼 瞄請 專心 開車 幹嘛 發呆 睡覺 請 開車 歐 齁 齁 開車 啊 綠燈 請 開車 ㄘ ㄟ ˊ 以為 這樣 也會 開車 不停 斜眼 上下 打量 阿姨 眼神 真的是 令人 火大 經過 玩命 關頭 般的 驚悚 飆車 差點 撞死 機車 騎士 終於 到了 威秀 負責 抱 阿姨 下車 阿姨 外傭 輪椅 過程 司機 不停 按喇叭 催促 快一點 急著 車門 關上 阿姨 輪椅 腳踏板 還在 車廂 趕 趕 是在 趕 投胎 喔 這樣 一直 催到 下完 車給 完錢 一個 憤怒 用力 關上 車門 老兄 生氣 下車 怒吼 我把 你們 載 來了 這麼 用力 關 車門 意思 你自己 想想 剛剛 說了 再來 大聲 指著 阿姨 背影 然後就 低著頭 上車 開走 車資 80 我給 一百 不要 找 你找 錢 不屑 多的 20 塊 10 塊 用來 買 下一個 身障 惡劣 態度 10 塊 丟 許願池 祈禱 你的 餘生 不要 中風 不要 失能 不要 坐 輪椅 不用 別人 照顧 真的 惡劣 附醫 需要 搭計程車 很多 也有 很多 輪椅 使用者 並沒有 這麼多 無 障礙 計程車 使用 平常 附醫 排班 一般 計程車 應該有 心理準備 遇到 這樣的 乘客 既然 無法 接受 這樣的 乘客 不要在 醫院 前 排班 拜託 大家 不用 抵制 至少 告訴 大家 注意 這位 司機 身障 長輩 非常 友善,152,18
225598283,臺北醫學大學,m,北醫 還未 當兵 是否 遇過 一樣的 問題,2017/1/13,我是 今年 入學 新生 這件 事情 期中 說起 區公所 打電話 來問 我是 xxx 同學 嗎 是否 就學 當下 傻眼 順便 確認 一下 跟我說 它們 沒收 公文 沒辦 理 緩徵 我去 學校 軍訓 處問 隔天 我去 軍訓 處 跟我說 已經 區公所 確認 過了 沒問題 現在 期末 兩個 禮拜 我要 出國 結果 役男 申請 出境 網站 給我 顯示 辦理 緩徵 符合 資格 打電話 區公所 問 今天 處理 人員 休假 禮拜一 才能 回覆 答案 很想 問是 學校 行政 出 問題 還是 我自己 需要 辦理 緩徵 嗎 實驗室 學長 發生 過 一樣的 事,9,7
225584556,臺北醫學大學,f,北醫 附近 不能 租住 房子,2017/1/11,廢 話不多說 寒假 開始 寒假 完 不免 就是 開始 找 房子 google 過 北醫 附近 相關的 房子 有些 聽說 不能 租 像是 凶宅 之類 像是 早餐 街上 36x 巷 小吃街 後面 某巷 吳興國小 附近 各有 一間 有沒有 北醫 附近 哪些 房子 不能 租 卦 求解 擔心 租到 有事 感謝,18,11
225584328,臺北醫學大學,f,學校 網路,2017/1/11,學校 網路 是不是 爛掉 一直 連不上 連到 白眼 翻到 墨爾本 還沒 連上,4,0
225560851,臺北醫學大學,m,救救 期末考,2017/1/7,啊啊啊 分化 搞 瘋了 啊啊啊 啊啊啊 咦 咦 咦 喔喔 請問 考古題 幫助 嗎 oao,9,17
225549731,臺北醫學大學,m,今日 秀泰 一廳,2017/1/6,問問 有沒有 人在 今日 秀泰 一廳 看過 明天 打算 刺客 教條 但是 網路 爬文 聽說 容易 前面 擋 字幕 北醫 捧 油們 你們 一廳 看過 嗎 感激不盡 感激不盡,6,7
225540299,臺北醫學大學,f,懷念 以前的 原野 社,2017/1/5,唉唉 唉 自從 原野 社換 地方 之後 影印 東西 都要 排 好久 懷念 以前的 原野 社 tt,24,2
225511774,臺北醫學大學 醫學系,m,收編 一隻 小強 xd,2017/1/2,剛剛 室友 褲管 掉 出 一隻 蟑螂 原本 就地正法 長的 一般 蟑螂 不太 一樣 於是就 收編 xd 查過 圖鑑 應為 棲息 戶外 東方 水蠊 翅鞘 金屬光澤 還蠻 美的 短短 胖胖 算 可愛 xd 大家 下次 看到 牠們 不要 輕易 殺生 噢,23,12
225506454,臺北醫學大學,m,朋友 北醫 推薦 餐廳,2017/1/1,北醫 打滾 幾年 但有 朋友 過來 附近 或來 找 不曉得 推 哪家 餐廳 比較好 如果是 大家 有沒有 好吃 cp 值 高的 口袋 名單 廣求 意見,17,12
225496192,臺北醫學大學,m,新年快樂,2016/12/31,新年快樂 新年快樂 新年快樂,28,3
225478986,臺北醫學大學,f,急尋 遺失 存摺,2016/12/28,急 請問 有人 今天 28 號 早上 9 點 左右 在後棟 b1 郵局 補 摺 機 那裡 拿走 我的 存摺 嗎 忘了 拿走 發現 之後 回去 找 找不到 希望 好心 幫 拿到 生輔組 感激不盡 順便 問 一下 補 摺 機 若是 存摺 沒取 走 是不是 吃掉 存摺,6,2
225478847,臺北醫學大學,f,跨年 最佳 賞景處,2016/12/28,請問 跨年 北醫 一棟 樓 景觀 最佳 啊 或是 附近 什麼地方 麻煩 學長 姐 分享 哦,4,8
225469777,臺北醫學大學 藥學系藥學組,m,7 禮券 市場,2016/12/27,想問 一下 賣 7 禮券 打個 89 折 出售 像是 6000 賣 5000 有人 買 嗎 急需 現金 但是 不需要 7 禮券 我想 問 一下 二手 版問 不太 恰當 就來 這邊 問了,1,9
225468160,臺北醫學大學,f,原野 社,2016/12/27,自從 原野 社 換了 地方 以後 開發 票 這是 哪招,10,4
225467490,臺北醫學大學,f,請問 學期 還有 校內 英文 檢定 嗎,2016/12/27,一有 門檻 現在 考多益 大四 時效 就過 還有 其他的 方法,1,3
225433675,臺北醫學大學,m,關於 自學 中心,2016/12/21,如題 相信 很多 常常 自學 中心 唸書 但是 常常 找不到 位子 平常 上課 時候 位子 幾乎 佔光 但是 坐 不到 14 這就 算了 一次 五點 坐到 十一點 旁邊的 都沒有 回來 桌上 只有 佔位子 書 還是 闔上 到了 十一點 半 那位 同學 才回來 書 收走 我想 那位 同學 這個 位子 當 臨時 置物櫃 這樣 覺得很 不佳 耶 如果是 中間 出去 吃午餐 晚餐 或是 讀書 累了 出去走走 還好 為什麼 濫用 資源 很多 需要 這個 環境 只是 要放 東西 希望 能為 看書 著想 下次 輪到 需要 使用 時候 發現 一堆 書 躺在 無人 桌上 如同 嘲笑 不如 它們 知道 每次 找不到 位子 感受,74,4
225429322,臺北醫學大學 呼吸治療學系,m,記者 學校 採訪,2016/12/21,誰 知道 今天 記者 出現 學校 採訪 發生 什麼事,7,1
225427858,臺北醫學大學,f,少了 一個 邦交國,2016/12/21,聖 多美 普林西比 斷交 嗯,5,2
225426955,臺北醫學大學,f,推學妹,2016/12/20,今天 滑 fb 看到 學妹 發 影片 平常 看到 學妹 覺得 他是 一個 整天 傻笑 妹子 沒想到 腦袋裡 竟然 有點 東西 ｘ ｄ 覺得很 可愛 幫 宣傳 一下 還是 大學生 各位 把握 很快 過完 四年 其他 國家 大學 交流 一下,26,0
225416740,臺北醫學大學,f,關於 健保 資料庫,2016/12/19,請問 大家 健保 資料庫 關閉 是不是 其他 辦法 查 特定 診斷 icd 碼 診 人次 想查 疾病 盛行 率 發生率 是不是 就只能 找 別人的 文獻 資料,1,0
225412974,臺北醫學大學,f,學校 附近 哪裡 賣 地瓜 球,2016/12/18,不知道 有沒有 一樣 神 愛吃 地瓜 球想 請問 大家 知不知道 學校 附近 哪裡 賣 我只 知道 通化 夜市裡 有點 距離 不知 吳興 商 圈裡 有沒有 跪求 大家 分享,12,11
225384201,臺北醫學大學,f,關於 姆 山 宿舍 軼事,2016/12/14,大一 不免 聽到 一些 學長 姐們 宿舍裡 面所 遇過 軼事 升上 大二 大一 不免 聽到 一些 朋友 或是 學長 姐們 宿舍 總總 遭遇 聽到 一些 朋友 或是 學長 姐們 宿舍 總總 遭遇 現在 升上 大二 增加 學弟妹們 分享 遭遇 例如 女宿 23 樓 某間 房想 要求 問 更多的 掛 ps 同時 聽 學校,8,22
225376349,臺北醫學大學 藥學系,f,關於 藥學系 新共筆 制度,2016/12/13,雖然 我是 一個 幹部 卻不 知道 究竟 怎麼樣 qq 感覺 上面 學長 姊 還有 爭議 無法 傳達 班上 都很 好奇 請問 知道 同學 概述 嗎,9,31
225365371,臺北醫學大學,m,原野 社 撤離 的原因,2016/12/11,原野 社是 楓杏才 搬到 鳥不生蛋 地方 是不是 原野 社是 全校 學生 都在 地方 就因為 一個 為學 校 賺錢 社團 損失 影印 權利 到底是 怎樣 學生會 無法 爭取 還是 也要 來個 抗爭 越想 越氣,47,21
225361924,臺北醫學大學,f,黑特 網路 宿舍,2016/12/10,不是 昨天 修 網路 嗎 還是 電腦 的問題 看個 片 一直 卡,10,1
225361697,臺北醫學大學 藥學系,f,ubike,2016/12/10,ubike 回來 嗎 qq 捷運 走到 宿舍 真的 崩潰 本來 妄想 宿舍 前 或是 急診室 前設 一站 現在 連 北醫 都沒 站了 qqqqqps 世貿 新城 站 離捷 運會 很遠 嗎,17,6
225361243,臺北醫學大學,m,北醫 性別 社團,2016/12/10,最近 參加 幾場 同運 活動 會場 內 總 看到 很多 學校 性別 社團 台 大政 清華 交通 長庚 等等等等 舉著 他們的 旗幟 聲援 活動 似乎 找 不太 北醫 社團 雖然 學校裡 有義鬥社 等的 異議性 社團 準確 followlgbtiqa 社團 至今 好像 都沒有 尤其 身為 醫 大學生 是否 對於 性別 相關 議題 需要 更加 關注 那麼多 其實 只是 問問 號召 同樣 關心 性別 議題 同學們 一起 創個 代表 北醫 性別 社團,26,10
225360824,臺北醫學大學,m,心悸,2016/12/10,昨天 開始 心悸 胸悶 ㄧ 整天 今天 北醫 心臟 內科醫生 心電圖 沒問題 不是 心律不整 只是 心跳 真的 很快 今天 沒喝 含 咖啡因 飲料 現在 還是 一樣 跳到 睡不著 剛剛 吃了 alprazolamzenax 我沒有 其他 症狀 只有 心悸 胸悶 你們 覺得 急診 嗎 不過 真的 很不 舒服,11,6
225355422,臺北醫學大學,f,問 學校 附近 推薦 牙科,2016/12/9,有點 狀況 需要 檢查 不知道 學校 附近 有沒有 推 哪家 牙科 從沒 臺 北 看過 牙齒 需要 信任的 牙醫師,3,7
225350087,臺北醫學大學,m,聖誕節,2016/12/8,誰 陪 偶過 聖誕節 啊 八托 qaq,7,5
225349699,臺北醫學大學,f,美宣,2016/12/8,先前 宿舍 b1 作美宣 收一收 嗎 留 一個 乾淨 環境 給 大家 謝謝,14,3
225348231,臺北醫學大學,m,b 肝 疫苗,2016/12/8,b 肝 疫苗 第二 劑前 醫生 請 抽血 驗 有沒有 抗體 抗體 不用 抗體 繼續 請問 可不可以 驗血 直接 打完 剩下 兩劑 有人 知道 為我 解答 嗎 謝謝您 們,7,8
225340138,臺北醫學大學,m,北醫 義鬥社 我愛你 們,2016/12/7,今天 中午 雖然 只有 少少的 三個人 推 關於 婚姻 平權 遊行 看到 你們 並沒有 宣傳 人數 不多 因此 消了 鬥志 還是 熱情 廣場 發了 一個小時 傳單 第一次 剛剛 經過 沒拿到 傳單 後來 特地 折路 回去 心中 今天 看到 你們 努力的 一幕 覺得 無比 暖心 幾次 好想 上前 給 你們 一個 擁抱 可是 真的 勇氣 還不 夠 我想 你們 說聲 謝謝 謝謝你 們 願意 寒冷 風中 站出來 發聲 簽名 檔 來個 默默 旁 關心 北醫,70,2
225335591,臺北醫學大學,f,文章 太少,2016/12/6,就算是 故障 有點 好笑 文章 少到 2 填 版面 而且都 最新 文章 照搬 xdddd,8,5
225332852,臺北醫學大學,m,1210 遊行,2016/12/6,1210 挺 同婚 遊行 有人 會去 嗎 感覺 北醫 這次 頗 無感 ω,18,14
225330264,臺北醫學大學,m,保健,2016/12/6,有沒有 覺得 今年 保健 啦啦隊 最大的 遺珠 跳得 很好 欸,33,13
225311003,臺北醫學大學,f,啦啦隊,2016/12/2,誰 得名 公佈 一下 給 老人 看看 嗎 xd,14,16
225301883,臺北醫學大學,f,星期六 運動會,2016/12/1,顆顆 誰 一樣 今天 知道 後天 學校 運動會 嗎,22,11
225300731,臺北醫學大學,f,b1 練習 活動 聲音,2016/12/1,你們的 聲音 教室裡 聽 喔 蓋過 室內 麥克風,1,1
225296055,臺北醫學大學,f,有點 公道 心 好嗎,2016/11/30,宿舍 b1 做美宣 不要 佔滿 整個 走道 嗎,10,4
225281621,臺北醫學大學,f,服學 ta,2016/11/28,最近 招募 服學 ta 請問 一下 經驗 各位 服學 ta 工作 內容 上次 說明會 有事 不了 qq 在此 感謝 大家,2,1
225280599,臺北醫學大學,m,北醫 附近 新的 拉麵店,2016/11/28,等等 看看 有沒有 開 附近 除了 這家 好像 沒什麼 拉麵店 ω,10,11
225276007,臺北醫學大學 護理學系,f,南友 美食 周,2016/11/27,幫 朋友 宣傳 南友會 美食 周 活動 哦 這是 他們的 粉專 httpswwwfacebookcomtmunanyophotosa1739535232968066107374182817390657196816841773216472933275type3theater 南友 x 美食 預購 x 分享 抽獎 欸 欸 期中考 幹嘛 當然是 回家 耍 廢 啊 可是 我有 拉拉 又有 合唱 就讓 南友 美食 撫慰 你的 心靈 1125122 我們的 預購 噢 噢 噢 覺得 食物 太少 嗎 擔心 當週 還會 其他 東西 12121216 東南西北 尋寶 大家 一起 吃 飽飽 預購 品項 1 伊蕾特 經典 布丁 鮮奶 可可 芝麻 芒果 35 元份 100 元 3 份 2 伊蕾特 檸檬 乳酪 塔 55 元份 100 元 2 份 3 二家 真 芋頭 蛋糕 250 元條 490 元 2 條 4 章成手 軋餅 140 元盒 5 萬川 椪 餅 25 元顆 我是 預購 表單 連結 httpsdocsgooglecom1epj7dtg8ognodbjri4pv9jviewformhttpsdocsgooglecomviewform3feditrequested3dtrue 抽獎 步驟 1 此篇 貼文 底下 留言 我要 參加 南友 美食 週 吃吃 吃 2 並在 留言 tag3 朋友 3 分享 貼文 將會 抽出 數名 幸運兒 免費 拿到 布丁 乳酪 塔 哦 芋頭 蛋糕 看起來 超 好吃 預購 xdd,13,1
225272907,臺北醫學大學,f,修改 衣服,2016/11/26,最近 兩件 褲子 扣子 掉了 我想 絕對 不是 我變 胖 惹 qq 連 扣子 不見 本身 也不會 縫紉 請問 學校 附近 有沒有 修改 衣服 店面 謝謝,4,7
225265445,臺北醫學大學,m,北醫 借書,2016/11/25,各位 你好 今天 北醫 圖書館 借書 回家 馬上 續借 拒絕 請問 隔 多久 才能 續借,8,6
225252118,臺北醫學大學,m,國際 美食 詢問,2016/11/23,幫忙 問 有人 解答 這盤 哪個 國家 同學 擺攤 賣 嗎 肉 串 印尼 其他的 竊竊 大家,2,3
225251466,臺北醫學大學,m,微黑特 季節 到了,2016/11/23,不知 這裏 沒 105 級 某系 學弟妹 還是要 講 麻煩 各系 考慮 其他 學生 耳根 五六 七八 二 二三四 五六 七八 二三四 蹬蹬 蹬 ㄧ 上下 上下 上下 一二三四 跨六 七八 嘿嘿嘿 八成 又是 練 已經 聽到 系名 不提 麻煩 自重 好嗎 一週 你們 大聲 每年 講不膩 欸 麥克風 一定要 開到 棟 四樓 聽得 一清二楚 大一 學弟妹 你們 耳朵 都不會 覺得 大聲 前後 棟 中間 空間 回音 就是 大一 直開 那麼 大聲 怎樣 說真的 四十 練習 四百人 耳中 噪音 聘請 老師 專業的 下次 建議 帶去 停車場 一樣 開 這麼 大聲 比較好 呦 那裡 多 大聲 應該 沒什麼 影響 未看先猜 嗆 以前 沒吵 過 其他 活動 咧 我還 真的 我沒 參加 其他 活動 是用 一般 說話 音量 練習 沒開 這麼 大聲 麥克風,41,12
225237460,臺北醫學大學,f,圖 閻 雲 校長 祝您 平安,2016/11/21,多說,48,9
225230646,臺北醫學大學,f,北醫 dcard,2016/11/20,如題 北醫 dcard 是不是 很少 啊 還是 不點 進來 校版 想要 跟風 做個 統計 有用的 給個 愛心 嗎 但是 按了 不會 脫魯 只是 按了 拜託 滿足 我的 好奇心 一下 謝謝 大家,271,12
225216419,臺北醫學大學,m,學校 的貓,2016/11/18,請問 禮拜 有人 看到 學校 那隻 貓嗎 沒 看到 牠 出來 散步 有點 不太 習慣,5,10
225214856,臺北醫學大學,m,北醫 熱門,2016/11/17,想不到 北醫 長期 台大 合作 跟著 燒起來 堅強,15,4
225207938,臺北醫學大學,f,共筆,2016/11/16,好奇 想問 一下 現在 北醫 哪些 系有 共筆 制度 啊 指的是 現在 還有 繼續 新共筆,3,16
225203554,臺北醫學大學,f,原野 社,2016/11/16,大家 應該 知道 原野 社要 結束 營業 想問 學校 打算 那個 區域 建 嗎,6,10
225181851,臺北醫學大學,m,黑特 40,2016/11/12,有人 知道 為啥 40 陣亡 嗎 感覺 明明 一片 祥和 啊 還是 錯過,13,6
225158363,臺北醫學大學,f,渣 男想紅 無極 限,2016/11/9,有沒有 校隊 男 教練 婚前 婚中 婚後 都在 外遇 爆出 根本 渣 男 一枚 之後 當了 渣 男 辭退 大言不慚 發文 說是 不幹 辭退 前 故意 惡搞 醫學 盃 先 發球員 連打 四節 都不 休息 然後 只有 婊妹 休息 結果 導致 醫學 盃 成績 成為 史上 最爛 八卦,48,13
225155822,臺北醫學大學,m,以後 wifi 不用 一直 登錄,2016/11/9,httpblogtmuedutwtmubt012481htmlmore 學校 弄 驗證 東西 馬上來 試試看,29,13
225153325,臺北醫學大學 醫學系,m,崩潰 惹,2016/11/8,阿阿阿 啊啊啊 啊啊啊 啊啊啊 啊啊啊 啊啊啊 啊啊啊 啊啊啊 啊啊啊 啊啊啊 啊啊啊 啊啊啊 啊啊啊 啊啊啊 啊 啊 啊啊啊 啊啊啊 啊啊啊 啊啊啊 啊啊啊 qq,39,32
225142138,臺北醫學大學,f,蜂蜜 奶茶,2016/11/7,有人 知道 吳興 商圈 哪裡 賣 蜂蜜 奶茶 嗎 急需 啊 但是 找不到 昨天 上網 怎麼 找 找不到 有沒有 飲料 達人 願意 指引,4,8
225138998,臺北醫學大學,f,北醫 科系,2016/11/6,如圖 抽 到了 有人 知道 學校 有沒有 這個 系 嗎,23,5
225137955,臺北醫學大學 藥學系,f,宿舍網路,2016/11/6,到底是 宿舍網路 慢 還是 我的 電腦 爛 as 開個 chrome 出來 居然 5 分鐘,3,6
225126814,臺北醫學大學 藥學系藥學組,m,學校 附近 珍奶,2016/11/4,請問 一下 版上 大家 學校 附近 都點 紅茶 鐵 珍珠 的話 哪個 cp 值 最高 啊 那間 貴到 爆 combuytea 不算 迷客 夏 comebuycoco 五十 嵐丸作,13,23
225104001,臺北醫學大學,m,剪髮,2016/11/1,北醫 附近 走過 知道 大概有 三間 還四間 理髮店 都是 年青 飛訊 hairstyle 其中 推 rj 髮廊 amy 姊 親切 又會 剪剪 帥 髮 必去,10,1
225099851,臺北醫學大學,m,有關 期中考,2016/10/31,請問 不同 系 老師 的話 考試 題目 一樣 嗎 還有 就是 出 考古題 機率 高 不高 呀 普化 普物 好難 qq,5,10
225081793,臺北醫學大學,m,問卦,2016/10/29,有沒有 知道 醫學系 偷拍 卦,34,19
225077333,臺北醫學大學,m,知道 原野 社要 暫時 關閉 嗎,2016/10/28,如題 最近 滿多 同學 都在 問 不過 好像 更多 同學 不知道 接下來 因應 學校 空間 規劃 異動 的關係 原野 社 將在 學期 末起 暫時 關閉 雖然是 暫時 暫時 多久 誰 也不 知道 目前 也有 要求 學校 關閉 期間 提供 臨時 影印 部 but 瞭解 學校 作風 知道 真的 臨時 影印 部 機率 肯定 不是 100 遑論 之後 原野 社 重新 營業 機率 同學們 覺得 不合理 覺得 誇張 找 管道 申訴 學生會 也好 北醫 信箱 也罷 至少 表達 一下 想法 學校 知道 原野 社對 學生 重要的 現在是 先 暫時 移到 美食街 內 沒錯 抱歉 說明 感謝 同學 補充 說明,72,4
225050912,臺北醫學大學,m,置物櫃,2016/10/24,路上 常常 看到 野生 置物櫃 請問 該 如何 申請 使用 收費 怎麼 算,5,19
225038554,臺北醫學大學,f,個人 諮商,2016/10/22,不好意思 本人 目前 有一些 感情 的問題 想要 找人 抒發 但是 不想 麻煩 朋友 請問 學輔 中心 個人 諮詢 服務 如何 就是 隱私 保護 環境 諮商 師人 好不好 事前 有沒有 準備 之類,10,10
225036929,臺北醫學大學,m,北醫 洗澡,2016/10/22,北醫 有沒有 免費 淋浴 間 想過 游泳池 附贈 不過 免費 進去 洗澡 嗎 求 學長 幫忙,6,6
225030276,臺北醫學大學 藥學系,m,路跑 人兒,2016/10/21,參加 優九 聯盟 路跑 大家 今天 路跑 加油 ouob 祝 平安 順利,41,1
225022223,臺北醫學大學 生醫材料暨組織工程研究所,m,北 醫學 生必 吃 美食,2016/10/20,問問看 學校 附近 好吃 必吃 餐廳 小吃 非 連鎖 餐廳 價位 其次,15,29
225014582,臺北醫學大學 藥學系藥學組,m,黑特 北醫 40 黑特 還叫 黑特 北醫,2016/10/19,黑特 北醫 都不 黑特 越來越 好看 希望 跳過 40 來個 50 啊啊啊 啊 唉 還是 20 好看 說真的 黑特 40 真的 黑特 真的 覺得 一點 意義 都沒有,16,15
225012678,臺北醫學大學 醫學科學研究所,f,學校 附近 修 腳踏車店,2016/10/19,不好意思 菜鳥 新生 發問 一下 學校 內部 附近 有沒有 維修 腳踏車 店 或是 行動 腳踏車 維修 車,2,3
224980958,臺北醫學大學 藥學系藥學組,m,有機 被當 考 藥師 國考 嗎,2016/10/15,請問 版上 各位 小弟 藥學系 大二 時有 當蠻 多科 除了 生 藥學 正在 重修 外 其他的 應該 大四 才會 修完 這樣的 話 考大 三下 一階 國考 嗎 不知道 是國 考科 過了 考了 還是 就算 有機 被當 也不能 國考,3,7
224973943,臺北醫學大學,m,別再 亂放 東西 別人 系櫃,2016/10/14,最近 8101 旁邊的 系櫃剛 開放 結果 很多 還沒 改 密碼 來用 放 一堆 沒 吃完 垃圾 東西 吃完 不會 拿去 垃圾桶 丟嗎 丟 別人 系櫃 會發 臭 欸 念 大學 書 念 還改 別人 密碼 希望 上帝 看到 壞事 被當,28,1
224954657,臺北醫學大學,f,感冒,2016/10/11,感冒 附醫 看會 貴 嗎 比較好 謝謝,3,13
224949246,臺北醫學大學,m,教研 外,2016/10/11,近況,14,17
224948952,臺北醫學大學,m,宿舍 八卦,2016/10/11,聽說 最近 女生 留宿 男生宿舍 一次 兩個,11,5
224944893,臺北醫學大學,f,海外 醫牙 回國 執業 問題,2016/10/10,前陣子 學長 們 討論到 這個 多年 議題 驚覺 很多 不太 清楚 這件事 以及 後果 嚴重性 這邊 我想 問 一下 大家 有沒有 任何 校內 多人 了解 這個 議題 想法,5,14
224932787,臺北醫學大學,m,黑特 北醫 30,2016/10/8,先 別管 校隊 發生 什麼事 還我 黑特 北醫 啊啊啊 啊 啊 每天 最大的 樂趣 就是 那個 版 oao 現在 關版 你要 怎麼辦 啊啊啊 啊 幫 高調,39,7
224931502,臺北醫學大學,f,黑特 北醫,2016/10/8,今天下午 出現 一連串 黑特文 黑特 北醫 30 版上 內容 關於 現任 校隊 教練 隊長 的問題 但版 關掉 不知道 檢舉 太 多次 還是 其他 因素 我認為 這樣 之前 曾經 黑特 人們 應該 不少 關注 過 校隊 教練 隊長 八卦 不論是 拋家 棄子 還是 小三 怎樣 不關 我們的 事 畢竟 那是 自己的 感情 問題 看不過去 似乎 該來 任何 評論 不過 令人 不爽 為他們 兩位 私人 問題 快搞 爛 整個 校隊 到底 憑什麼 一個 教練 一個 是剛 掌權 隊長 無法無天 嗎 真是太 可笑 憑什麼 個人 因素 抹滅 熱愛 籃球 球員 們 籃球 夢 到底 誰 希望 那種 帶頭 背後 當著 新生 面道 學姊 們 不是的 球隊 或是 忍受 認為 永遠 表現 不好 隊長 最棒 最有 球隊 素養 應該 球給 隊長 之類 球隊 個人 認為 身為 一個 好的 教練 除了 專業的 球技 之外 重要的 公平 對待 每位 球員 大家 聽過 帶人 要帶 心 覺得 球隊 成績 都是 你會 帶 球隊 我相信 受人 尊敬 教練 都會 認為是 球員 夠 努力 才能 得到 這樣的 成績 真的是 謝謝你 這一 籃球 校隊 付出 希望 到此為止 這樣 也可以 好好的 陪 新 女友,64,39
224926646,臺北醫學大學,m,教研 外 施工,2016/10/8,開始 蓋 嗎,1,1
224916618,臺北醫學大學,f,熱舞社 迎新 舞展 encounter,2016/10/6,精彩 台下 深深 整場 氛圍 給 感染 舞力 全開 最後 一集 一句話 很喜歡 即使 放棄 那麼多 工作 家庭 還是 可能會 輸 今天 不論 輸贏 為了 夢想 為了 這個 舞台 努力的 站上來 為了 站上 這個 舞台 犧牲 這麼多 你們 為何 願意 一個 小小的 北醫 這麼多 優秀 舞蹈 人才 真的 很棒 謝謝 今天 所有的 舞者 我看 了場 精彩的 表演,52,8
224910081,臺北醫學大學,f,無聊 問問,2016/10/5,最近 有沒有 學校 宿舍 社團 宿營 之類 八卦 還有 其他 東西 討論 呀 北醫 版 最近 都沒 什麼東西 開個 版 問問 哈哈,7,13
224891028,臺北醫學大學,m,問服學,2016/10/3,藥學系 老師 服學 簽到 而已 嗎 感覺 輕鬆 系 同學 都說 簽完 名 立刻 閃人,2,3
224885116,臺北醫學大學,f,大一 普化 不及格,2016/10/2,老 師說 醫學系 大一 普化 沒過 不能 考國考 真的 會有 沒過 嗎 沒過 怎麼辦 重考 轉系,8,5
224884307,臺北醫學大學,f,我覺得 應該 很多 不知道,2016/10/2,我也是 最近 發現 學校 帳號 進去 google 雲端 硬碟 容量 限制 喔喔 喔喔 喔 ω 為什麼 以前 從來沒有 點點 ω 有種 撿到 寶的 感覺 學校 真是 太棒了 畢業 知道,57,7
224882697,臺北醫學大學,f,請問 有人 今年 北醫 矯正 牙齒 嗎,2016/10/2,爬 過文 發現 去年 有人 詢問 過 矯正 的問題 聽 朋友 之前 矯正 是以 80000 基準 今年 漲到 90000 是嗎 矯正 費用 我自己 假設是 矯正 90000 維持 器 6000 拔牙 3200 依照 查到 文 價錢 另外 還有 一開始 照 x光 片要 3500 不知道 照 x光 含在 90000 裡面 還是 又要 另外 再算 因為有 跟我說 有人說 感到 非常 疑惑 啊啊啊 啊 啊 這些 所有 矯正 費用 一次 付清 嗎 還是 一次 牙醫 多少 就是 付 多少錢 呀 去年的 時候 我有 掛過 蔡 醫師 診 那時候 初步 判斷 要拔 4 顆牙 個人 怕 痛 愛吃 毅然決然 決定 矯正 但是 現在 覺得 牙齒 好像 越 越 歪 決定 矯正 lol 但是在 真正 戴上 矯正 東西 之前 詢問 確定 矯正 拔 完 牙齒 假設 拔 4 顆到 真正 矯正 器 弄到 牙齒 這個 區間 耗時 多久 還有 不知道 拔掉 4 顆牙 未來 會不會 影響 畢竟 多缺 4 洞 該 不會 老了 牙齦 萎縮 或是 沒 力氣 咬 東西 反正 就是 各種 杞人憂天 請 狄卡 上面 相關 經驗 或是 牙醫 系 同學 幫忙 解惑 跪謝 你們,4,15
224868277,臺北醫學大學 保健營養學系,f,log 後面 加小 e 意思,2016/9/30,log 後面 加小 e 意思 普化 老師 解釋 求解 謝謝,2,14
224857318,臺北醫學大學,m,北醫 沒什麼 熱門 文章,2016/9/28,如題 怎麼會 這樣 其他 學校 都有 一排 好吧 可能 大家 都在 唸書 oo 只能 幫 qqler,30,15
224848296,臺北醫學大學,f,明天 上課 嗎,2016/9/27,颱風 那麼 明天 上課 嗎 感覺 走在 吳興街 上會 吹倒 還是 自行 解散 覺得 懶,9,2
224825692,臺北醫學大學 藥學系,f,有人 吃過 學校 附近 新開 comebuytea 嗎,2016/9/24,有人 吃過 comebuytea 嗎 想知道 評價 感覺 好像 很棒,8,8
224811405,臺北醫學大學,m,直銷 淨水器 請 各系 大神 解惑 實驗,2016/9/22,先說 我沒 買 產品 哈哈 先給 各位 壓驚 正文 高中 同學 直銷 淨水器 自來水 裡面 很多 氯 就拿 一瓶 餘氯 檢測 劑點 進去 自來水 呈現 黃色 也給 我看 色表低 濃度 高濃度 顏色 之後 就拿 自來水 漱口 吐出來 點 試劑 呈色 同學 宣稱 氯 跑 進 嘴巴 大家 每天 刷牙 含了 很多 氯 奇怪 牙膏 含氟 怎麼 沒人 抗議 ㄏ 之後 芭樂 呈 色點 試劑 水 沖 幾次 慢慢 變 無色 同學 宣傳 氯 跑 進 芭樂 皮 大家 洗 水果 越洗 越毒 做完 實驗 繼續 講有 多 去除 氯 十年 買下來 省 很多 什麼的 不是 重點 xd 我想 提出 幾個 想法 1 根本 不是 檢測 劑 2 自來水 氯 應該是 氣體 存在 水中 口腔 遇到 體溫 因此 受熱 跑 出水 3 沖 芭樂 過程 晃 動過 大氯 慢慢 水中 跑出來 顏色 慢慢 變淡 不知 大家 這個 實驗的 想法 寫個 問題 討論,3,3
224803210,臺北醫學大學,f,熱血 青年 捐血 囉,2016/9/21,鐘樓 旁邊 捐血車 身體 狀況 允許 請 踴躍 捐血 哦 前 幾天 好像 收到 o型 缺血 簡訊 今天 剛好 捐 蹺課 捐血 女子,23,19
224794349,臺北醫學大學,f,關於 五條 通 早餐店,2016/9/19,標題 有人 知道 他是 倒了 還是 搬家 嗎 想念 qq,8,3
224794053,臺北醫學大學,m,問 學校 附近 k 書 中心,2016/9/19,請問 學校 附近 哪裡 比較好 k 書 中心,2,8
224790967,臺北醫學大學,f,問 學校 附近 牙醫,2016/9/19,北醫 附近 牙醫 診所 大大小小 多家 問問 有沒有 推薦 牙醫 診所 牙醫師 上次 回家 根管治療 只做 一半 一次 回家 一個月 qaq,3,12
224783620,臺北醫學大學 牙醫學系,f,肺紋 校歌 超 洗腦,2016/9/18,只有 我覺得 校歌 這句 超 洗腦 嗎 xd 第一次 聽 校歌 現在 腦海 裡 時不時 自動 無限 循環 播放 學好 做人 方做 醫學 做人 方做 醫學 做人 方做 醫學,10,10
224777749,臺北醫學大學,f,關於 加簽,2016/9/17,我到 學校 課務組 問過 只有 體育 加簽 可是 很多 同學 都問 我要 不要 找 某某 教授 加簽 他人 很好 之類 的話 真的 加簽 體育 以外的 嗎 怕 學校 官方 說法 其實 私下 還是 這麼做 通識 學分 太少 現在 超級 著急 qaq,8,3
224777009,臺北醫學大學,m,社團,2016/9/17,請問 棒球隊 算是 社團 一種 嗎 棒球隊 需要 體育課 嗎,5,10
224761146,臺北醫學大學,f,台大 醫學 大學,2016/9/14,前 幾天 室友 走在 楓林 大道 準備 回 宿舍 旁邊 兩個 散步 夫妻 爭論 北醫 校名 原本 打算 直接 忽略 一秒 攔 下了 欸 欸 學生 我問 一下 這裡是 台大 醫學 大學 嗎 男人 問道 痾 不是 耶 看吧 你說 這裡是 北醫 不信 男人 頗 成就感 驕傲 女人 然後 他們倆 繼續 邊走邊 吵 呵 台大 醫學 大學 xd,41,1
224759603,臺北醫學大學,f,社團,2016/9/14,我是 大一 新生 班有 兩個 女生 一個 超想 加國 標社 那個 積極的 態度 跟我說 其實是 國標社 派來 宣傳 信 一個 室友 超想 加楓 杏 其實 我也 覺得 國標 還滿酷 可是 怎麼 好像會 想加 不多 楓杏 感覺 好多人 參加 可是 怎麼 感覺 很多 討厭 不知道 大家 兩個 社團 評價 如何,20,28
224749610,臺北醫學大學,m,學弟妹 別再 白目,2016/9/13,最近 看到 許多 可愛的 大一 懵懵懂懂 的問 這個 問 那個 覺得 真 可愛 屁 白目 死了 以下 我覺得 最白 目的 行為 前 幾名 有缺 還請 幫忙 補充 第一名 權重 壓 多少 學長 我想 選 一個 xxx 通識 權重 壓 多少 比較 保險 os 你當 算命的 嗎 還是 落點分析 不然 ㄅ ㄨ ㄚ ˇ ㄅ ㄨ ㄟ 歷年 權重 放在 那裡 找 第二名 通識 哪個 1 學長 那個 ooo 通識 好不好 啊 os 哇操 我是 每個 通識 上過 膩我 tm 怎麼會 知道 2 通識 社團 po 文 ooo 通識 涼 嗎 甜 嗎 權重 壓 多少 比較好 謝謝 學長 姐 os 乾 不會 爬文 一直 伸手 不會 酸膩 第三名 課本 都給 學長 有沒有 普生 課本 os 幹嘛 不會 買 隨便 賣 都有 幾百塊 幹嘛 課本 給你 其實 還有 很多 像是 裝熟 我也 覺得很 煩 還有 其他 所有 查 得到 不去 查當 學長 姐 google 嗎 教室 在哪裡 啊 課本 一本 啊 啊 太多 其實 也不是 學弟 學妹 這樣 當然 還是 可愛的 學弟 學妹 最後 講 一下 學長 姐 到底 該 怎麼 使用 到底 應該 問 問 首先 了解 學長 學姐 你們 沒有的 當然是 待在 學校 歲月 啊 換言之 就是 經驗 經驗 經驗 問 學長 姐 一些 只能靠 口耳相傳 的事情 1 系 選修 哪個 地雷 2 系 必修課 本要 買 中文 英文 3 哪個 系 必修 多 努力 小心 被當 4 系上 老師 哪個人 比較好 誰 地雷 不能 踩 還有 社團 系隊 之類 總之 大概 就是 這樣 我發 完 牢騷 謝謝 大家 看完 缺漏 還請 其他 學長 學姐 幫忙 補充 謝謝,90,17
224733655,臺北醫學大學,f,通識 權重 全部 差 1,2016/9/10,如題 結果 我只有 10 學分 請問 怎麼辦 tat 會不會 加選 失敗 覺得 衰 tat 我心 好痛 qq,21,13
224724085,臺北醫學大學,f,學校 貓咪 qaq,2016/9/9,如題 學校裡面 兩隻 貓咪 怎麼 不見了 連 暑假 前 大家 準備 窩 清掉 只剩 椅子 有人 知道 牠們 嗎 擔心 哦,4,7
224723403,臺北醫學大學,f,學代 服學 選課,2016/9/9,請問 當學代 服學 還要 選課 嗎 聽說 開會 抵 但是 不知道 要不要 選課,1,7
224719659,臺北醫學大學,m,剪頭 毛,2016/9/8,請問 北醫 附近 有沒有 價錢 400 上下 服務態度 不差 理髮店 最近 剪頭髮 怕 進到 雷店,5,10
224716211,臺北醫學大學,f,新生訓練,2016/9/8,今天 新生訓練 已經 刷 學生證 點名 早餐 沒 吃 肚子好餓 請問 大家 翹 掉 嗎 我想 吃早餐 qq,3,4
224710799,臺北醫學大學,f,轉系,2016/9/7,今年 剛上 一想 轉 醫學系 啊 北醫 到底 會不會 黑 啊 看到 去年 沒開 名額 整個 怕怕 到底是 轉系 還是 重考,6,10
224702839,臺北醫學大學,m,實驗 服,2016/9/6,今天 開始 搞 新生 注冊 注冊 完了 之後 還要 買 裝備 可是 學校 買 實驗 服 護目鏡 坑 嗎 除了 學校 哪裡 划算 買,3,7
224691042,臺北醫學大學,m,新生 問題,2016/9/4,q1 我是 大一 羽球 課 權重 押 多少 能進 q2 那裡 剪髮 cp 值高 q3 羽球館 什麼時候 開放 租借 球拍 嗎 q4 魔術 興趣 可是 零 基礎 進 魔術 社 好嗎,1,7
224657709,臺北醫學大學,f,轉學生 發問,2016/8/30,初來 乍 幾個 問題 請教 一下 1 拇山 講座 通識 必修課 大二 選修 嗎 2 體育課 已經 開放 大二 選 嗎 還是要 點 大一 體育課 3 英文 通識 必修 除了 會話 閱讀 還有 一個 專業 英文 指 在哪裡 選 4 推薦 英文 老師 5 通識課 統一 抽籤 嗎 什麼時候 公布 結果 6 宿舍 抽籤 是否 改 日期 公佈 宿舍 網頁 好像 寫 910 公佈 可是 收到 手冊 寫 937 轉學生 轉系 雙主修 嗎 以上 問題 麻煩 知道 一下 感激不盡,1,8
224621566,臺北醫學大學,m,校內 工讀生,2016/8/25,最近 看到 各處室 很多 徵 工讀生 薪水 應該 一樣 的事情 有沒有 哪邊 比較 輕鬆 啊 哈哈,9,17
224586229,臺北醫學大學,m,自學 中心,2016/8/21,請問 大家 知道 自學 中心 什麼時候 重新 開放 嗎 謝謝,1,2
224571257,臺北醫學大學 牙醫學系,m,問 男生 當兵,2016/8/18,嘿 大家 我是 今年 進來 北醫 指 考生 我想 問 一下 學校裡的 男生 或有 聽過 關於 當兵 女生 xd 你們 怎麼 規劃 當兵 阿 醫牙 以後 四個月 ㄧ 次當 完 會不會 影響 未來 實習 就業 國外 進修 學長 會不會 也有 同樣 考量 小弟 請問 大家 意見 2 暑假 當完兵 還是 以後 ㄧ 次當 不過 因此 多 ㄧ gap,2,9
224570690,臺北醫學大學 藥學系,m,海力士 vs 乾泉,2016/8/18,不知道 吃 請問 該選 一家 好難 決定 啊 在這裡 不只是 問好 好吃 還要 考慮 價錢 用餐 環境 排隊 等候 時間 等等 請問 到底 哪家 cp 直 比較 高,4,19
224565465,臺北醫學大學,m,降轉 重考,2016/8/17,看到 有人在 問後中 西醫 的問題 我也 想來 請教 大家 看法 現在 升 大二 想轉 藥學 今年 轉系 考 沒上 我在 猶豫 重考 還是 明年 降轉 有人 勸我 別走 回頭路 考 學測 他說 轉系 機會 比較 高 請問 大家 怎麼,13,17
224561717,臺北醫學大學,m,請問 報考 西醫 的問題,2016/8/17,敝人 即將 升 大二 最近 才有 這個 想法 直讓 我想 很久 爬 非常 多的 文 有人說 吃力不討好 或是 有說 這是 條 不歸路 請教 北醫 各位 學長 姐們 相關 身邊 經驗 分享 一下 嗎 原本 想說 大二 開始 線上 補習 猶豫 經濟 困難 有個 同學 建議 接下來 寒暑假 先 複習 化學 生物 大四 開始 補習 畢竟 跟後西 準備 模式 不同 西醫 唯一 好處 不用 考 國文 國文 非常 差 加上 北醫 國文課 但是 名額 比中 國醫 少且 面試 刷掉 多下 一屆 開始 還要 加考 物理 好難 抉擇 系 大三 課業 據說 很重 大四 開始 衝刺 可能會 放掉 國考 男生 好像 還有 兵役 問題 qq,4,12
224554727,臺北醫學大學,m,轉系 生 學分 認列,2016/8/16,各位 北醫 同學 大家 好啊 身為 轉系 生的 小弟 接到 通知 818 開始要 註冊組 辦理 畢業 學分 認列 其中 一張 表單 叫做 轉系 學位 學程 學生 畢業 學分 認列 表好 繞口 但是 我到 教務處 找 單子 時候 只有 看到 學分 抵免 之類 類似的 表單 內容 好像 也不 太對 qq 請問 經驗 學長 姐要 怎麼 處理 還有 之後 還要 注意 感謝 大家 呀,6,2
224552101,臺北醫學大學,m,re 為什麼 辦 活動 男扮女裝 當 搞笑,2016/8/15,為什麼 辦 活動 男扮女裝 當 搞笑 雙性戀 也就 lgbtq 成員 雖然 認識 跨 性別 朋友 每次 看到 學校 辦 活動 或是 演戲 出現 男扮女裝 當 搞笑 場景 就會 覺得 舒服 注意 是當 搞笑 只是 純粹 穿 女裝 還好 想想 如果是 我想 一些 系 之夜 或是 營隊 出現 類似 橋段 分享 只是 想說 誕生 這樣的 角色 一定要 反串 表演 真的 好笑 嗎,5,3
224550655,臺北醫學大學 藥學系藥學組,m,選課 系統,2016/8/15,在跟 同學 討論 要選 課切 回 來點 個鍵 跳回 輸入 帳密 畫面 已經 幾次 qq 系統 每隔 幾分鐘 就會 登出 沒在 使用 帳號 嗎,7,7
224547855,臺北醫學大學,f,問 山海經 神話 韓國 歷史 文化,2016/8/15,請問 以上 這兩門 課 甜涼 程度 這兩門 課 剛好 時間 不知 要選 一門 請 上過 課 同學們 給點 建議,0,4
224536708,臺北醫學大學,m,一住 北部 抽 得到 宿舍 嗎,2016/8/13,住在 基隆市 不在 宿舍 優先 錄取 名單 內 可是 通車 又要 花 很多 時間 問問 申請 宿舍 的話 大部分 能不能 抽到,5,10
224534837,臺北醫學大學,m,問 優秀 醫牙 獎學金,2016/8/12,各位 北醫 學長 姐好 我是 今年 指 考生 關於 北醫 優秀 醫牙 獎學金 網路上 寫的 資訊 很少 我想 請問 知道 大大 幾個 問題 先前 打電話 問過 辦理 出公差 等到 不知道 甚麼 時候 1 指 考的 部分 他是 說成 績到 國立 醫牙 並且 北醫 填 第一 志願 會看 有沒有 學測 綁 到的 嗎 我是 為國 文沒前 標才 沒填 國立的 請問 學長 姐們 這樣 還會 嗎 2 他要 成績 維持 前 30 中間 斷過 以後 還可以 領嗎 3 他說 寄 一封 申請 信來 你們 之前 大概是 甚麼 時候 收到 已經 爬文 google 半天 還是 答案 希望 北醫 大大 們 幫 解決 疑惑 感謝 各位 幫忙,6,10
224533848,臺北醫學大學 護理學系,f,re 藥師 幹嘛,2016/8/12,各位 藥學系 大大 你們 怎麼 藥師 幹嘛 httpswwwdcardtwfallp224533612refandroid,1,6
224526127,臺北醫學大學,f,問 英文 精進 課程,2016/8/11,同學 錯過 抵免 英文 時間 照 這個 地圖 看是 修習 英文 精進 課程 請問 英文 精進 課程,4,6
224521640,臺北醫學大學,m,有人在 打高爾夫 嗎,2016/8/10,北醫 是不是 很少 喜歡 打高爾夫 啊 明明 一座 練習 場卻 連個 高爾夫球 社 都沒 看到 有沒有 喜歡 高爾夫 同學 咧 現在 開始 以後 才能 電爆 醫生,2,8
224513646,臺北醫學大學,m,服學 選課 時間,2016/8/9,hello 請問 有人 知道 這次 服 學的 選課 時間 行事曆 都沒有 服 學的 時間 欸,1,10
224505617,臺北醫學大學,f,玩遊戲 請 注意安全,2016/8/8,相信 很多 都在 玩爆 紅的 pokmongo 我也 看到 北醫 裡面 很多 拿著 手機 晃來晃去 希望 大家 開心 玩遊戲 時候 也能 注意安全 不要 撞到 別人 qq 剛剛 已經 差點 三個人 撞 到了 謝謝 大家 祝 大家 抓到 很多,24,11
224448516,國立臺北護理健康大學,m,美 神經科 學 權威 台北 演說 遭 公車 撞死,2016/7/29,原本 710 號要 學校 演講 qqqhttpudncomnewsstory21860015 美國 加州大學 聖克魯斯 分校 ucsc 本週 神經 科學研究 聞名 教授 布瑞吉曼 brucebridgeman 亞洲 巡迴 演說 本月 稍早 台北 遭到 公車 撞擊 喪生 根據 家屬 給 校方 訃告 ucsc 心理學 榮譽 教授 布瑞吉曼 本月 10 日 台北 過 十字路口 遭到 公車 撞擊 當天 預定 台北 醫學 大學 演說,25,2
224445478,臺北醫學大學,m,國考 全數 通過,2016/7/28,明天 就是 國 考了 大家 一起 考生 集氣 祝福 各位 考生 讀到 都有 出 沒讀 到的 猜 這次 一起 通過,45,3
224444618,臺北醫學大學,m,歡迎 黑特,2016/7/28,httpswwwfacebookcomtmuhaterefaymthomepagepanel,2,2
224438493,臺北醫學大學,f,黑特 北醫 30 上架 囉,2016/7/27,看到 好像 大家 希望 有新的 黑特 北醫 之前的 實在是 停滯 太久 暑假 閒來無事 決定 就來 創辦 請 大家 捧場 啊 記得 邀請 朋友 按 讚 關注 粉專 喔 httpswwwfacebookcom 黑特 北醫 301076502709109981,13,11
224437501,臺北醫學大學 保健營養學系,m,跨校 雙主修 的問題,2016/7/27,不知道 有沒有 人去 北大 雙主修 過 請問 分享 一下 經驗 嗎 課 怎麼 排 集中 一年 然後 不用 兩邊 跑 嗎 家住 非常 遠 qq,3,1
224437487,臺北醫學大學,m,請問 北醫 甲甲 都在,2016/7/27,出軌 北醫 找不到 特別 哪個 系 那個 社團 嗎,7,36
224436352,臺北醫學大學,m,轉系 成功 嗎,2016/7/26,httpacatmuedutw6dtnewsphpsn402 沒開 醫學系 就算 聽說有 崩潰 ㄎ ㄎ,4,7
224436308,臺北醫學大學 藥學系,m,國考,2016/7/26,今天 早上 五點 我查 成績 發現 我國 考 通過 開心的 嚇醒 結果 五點 我還在 床上 原來是 一場 夢多 希望 這是 預知 未來的 能力 阿,27,2
224378284,臺北醫學大學,m,學校 彈鋼琴,2016/7/18,小弟 想要 練琴 但是 無奈 打工 也沒 收入 只有 爸媽 給的 飯錢 印象 中二字頭 教室 有些 教室 是有 鋼琴 有沒有 喜歡 彈琴 會在 早上 該 教室 沒 有課 空檔 進去 練琴 這樣 應該 不算 違反 校規 繳學費 正當 使用 教室 內 設備 再加上 大四 要進 醫院 實習 不曉得 完全 音樂 基礎 又是 大學 最後 一年 還能 不能 進入 鋼琴 社,6,10
224377690,臺北醫學大學,m,大雨,2016/7/18,出門 記得 帶 防水 配件 ˊ ˇ ˋ 不然 恐怖 唷,7,4
224342355,臺北醫學大學,m,問 學校 附近 清淡 飲食,2016/7/11,請問 各位 學長 姐 北醫 附近 清淡 飲食 嗎 像是 稀飯 廣東粥 之類 自從 吳興 商圈 那家 粥 變成 火雞肉飯 之後 不知道 哪裡 找 稀飯 請 大家 幫幫 肚子痛,6,8
224339159,臺北醫學大學,m,學校 的貓,2016/7/10,她的 後腦 右耳 那邊 受傷 嗎,2,9
224308032,臺北醫學大學,f,輔修,2016/7/6,要升 大二 輔修 暑假 弄來 嗎 給系 老師 簽名 暑假 會在 嗎 有點 看不懂 程序 意思,6,9
224294796,臺北醫學大學,f,問 關於 燙髮,2016/7/3,哈囉 各位 同學 請問 一下 學校 附近 推薦 店 嗎 我想去 燙 捲 也想 聽 聽 大家 燙髮 感想 謝謝 大家 祝 大家 暑假 開心 xdd,6,10
224292274,臺北醫學大學,f,請問 成績 修改 期限,2016/7/2,期末 一科 出來 總平 算 落差 有點 居然 不及格 已經 趕快 寫信 給 老師 助教 擔心,9,11
224230319,臺北醫學大學 公共衛生學系,f,學校 附近 哪家 染髮 便宜,2016/6/20,暑假 要到 想要 換個 新 髮 色 新氣象 看到 版上 很多 推 好的 店家 身為 一介 窮學生 染髮 本身 貴 希望 找 平價 一點 不知道 大家 有沒有 學校 附近 像是 小林 上越 absalon 還有 早餐 街 那邊的 染過 頭髮 哪個 cp 值 最高,10,7
224225514,臺北醫學大學,f,玻璃屋 的掛,2016/6/19,砍了 那麼多 樹要 那麼 小的 空間 蓋 玻璃屋 跟羅浮 入口 概念 風格 廢 話不多說 版上 有神 知道 玻璃屋 到底 嗎 北醫 最近 是不是 狂 擴張 原本 聽說 管院 整個 搬 富邦 大樓 真狂,27,20
224213704,臺北醫學大學 呼吸治療學系,m,北醫 游泳池 開放,2016/6/17,二字頭 淹水 宿舍 淹水 靠北 到處都 水 工讀生 還要 幫忙 清 積水 啊啊啊 口 期末 快 讀 不完 還給 搞 天災 啊啊啊 沉默 羔羊,40,10
224213497,臺北醫學大學 醫學系,m,打工 消息 廣島 屋,2016/6/17,店家 小吃街 廣島 屋 時薪 120 小時 每人 每日 服務 人次 超過 20 的話 1 個人 多 10 元 獎金 需求 人數 2 上班時間 1700 福利 提供 廣島燒 或是 其他 老闆 準備 東西 當 晚餐 但是 下班 才能 吃 其他 老闆 很好 然後 排班 自由 沒 有說 一定要 每個月 要排 幾小時 而且 學會 一點 料理 基本上 後來 老闆 變 朋友 xd 下班時間 的話 原則上 9 點 之後 不接 客人 收店 收一收 差不多 十點 半 下班 薪水 星期 領 一次 現金 不過 缺點 這樣的 話 勞健保 自行 權衡 應徵 方式 直接 連絡 老闆 0975331757 或者是 下面 留言 研究 怎麼辦 xd,20,13
224196587,臺北醫學大學 保健營養學系,f,問 圖書館 閉館 音樂 好聽,2016/6/14,學校 待了 三年 發現 圖書館 閉館 音樂 好聽 rrr 以前 就是 這樣 嗎 還是 後來 改的 實在是 太 少待 閉館 有人 知道 閉館 音樂 嗎 好想 知道 歌名 喔 大家 期末考 加油 祝 大家 歐 趴番 番,28,16
224195250,臺北醫學大學,m,畢業典禮 驚人 彩 砲,2016/6/14,有沒有 畢業典禮 差點 被彩 砲 嚇死 掛小魯 當天 屎 都出來,18,8
224192274,臺北醫學大學 藥學系,m,瑜珈 期末 考試,2016/6/13,請問 蔡士傑 老師 期末 考試 大概是 考,0,0
224185342,臺北醫學大學,m,祝 大家 all 趴 暑假 幹嘛,2016/6/12,誠心 祝福 每個 北醫 同學們 學期 都能 all 趴 希望 老天 看在 如此 善良 份 all 趴 其實 我是 積陰德 其實 上面的 不是 重點 接下來 才是 po 文 目的 哈哈 想問 一下 大家 即將 到來 暑假 計畫 幹嘛 就是 還沒 考試 在想 放假 目前 只想到 找 打工 出去玩 一邊 打工 一邊 出去玩 打工 換宿 好奇 有沒有 也想 打工 換宿 打算 哪裡 大家 分享 一下 自己的 安排 嗎 更難 道 打算 玩的 嗎 輩子 所剩 暑假 也沒 幾個 是說 我又 想到 一件事 還不會 開車 想去 學 不過 哪裡 學 啊,35,9
224185304,臺北醫學大學,f,問 如何 認識 國際 生 一次 上手,2016/6/12,如題 好想 認識 國際 生 rrrrr 通識課 不一樣 嗎 跪求 高人 解答,3,1
224184297,臺北醫學大學,f,西班牙 暑期 遊學,2016/6/12,哈囉 想問 北醫 各位 有人 也有 暑假 西班牙 遊學 嗎 我要 一個 多月 七月 初 8 月中 salamanca 各位 大大 誰 也要 同個 時間 同個 地方 哈哈 然後 誰 去過 給我 一些 意見 安全 啊 什麼的,6,1
224171538,臺北醫學大學,m,這位 老師 組女 橄欖球隊 從來不 運動 學生 都來,2016/6/10,太酷 惹 xd 雖然是 有點久 新聞 還是 大家 分享 一下 北醫 專案 講師 楊 明達 積極 振興 校內 橄欖球隊 除了 男 球員 更廣招 女 隊員 成為 國內 第一所 同時 發展 籌組 男 女子 橄欖球隊 大學 學生 原本 不適合 激烈 運動 加入 不只 體力 變好 改善 氣喘 問題 台北 醫學 大學 兩年 前 發展 女子 橄欖球隊 目前 招募 近 30 名 球員 台北 醫學 大學 提供 台大 台北 醫學 大學 女子 橄欖球隊 國內 唯二 大學 女子 橄欖球隊 台北 醫學 大學 提供 楊 明達 台北 醫學 大學 過去 擁有 輝煌 橄欖球 歷史 多年 大專 盃 全國 賽 取得 佳績 甚至 代表 台灣 出國 比賽 90 年代 時因 球隊 招生 困難 解散 直到 兩年 決定 重新 招募 球員 楊 明達 橄欖球 足球 演變 而來 足球 簡單 相當 適合 一般 體育課 程 我是 橄欖球 推廣 大使 橄欖球 只是 一個 媒介 背後的 精神 希望 多人 一起 運動 除了 開 體育課 教授 橄欖球 拉了 許多 學生 橄欖球隊 告訴 先來 練 身體 開心 技術 重要 覺得 運動 開心 運動 才會 變成 生活 一部份 呼吸 治療 學系 一年級 徐子 晴 開玩笑 教練 騙進 橄欖球隊 接觸 之後 發現 橄欖球 滿 好玩的 她過去 試著 加入 籃球隊 打籃球 容易 犯規 規則 相對 複雜 橄欖球 這個 困擾 以前 都是 坐在 旁邊 同學 運動 沒想到 下場 打球 藥學系 三年級 陳 依鴻說 心臟 不好 不太能 從事 激烈 運動 從小 體育課 只有 坐在 旁邊 看的 份 其實 很愛 體育 賽事 轉播 可惜 無法 下場 體驗 陳 依鴻在 北醫 適應 體育課 遇到 楊 明達 教練 楊 明達 鼓勵 她到 橄欖球隊 一起 運動 累了 就到 一旁 休息 一學期 下來 不只 體力 變好 原本的 氣喘 問題 改善 httpnewsltncomtwnewslifebreakingnews1710897,20,6
224154198,臺北醫學大學,f,問 史瓦濟蘭 國王 王母,2016/6/7,大家 最近 經過 醫院 有沒有 發現 幾台 雙 b 同時 停在 北醫 門口 已經 連續 好幾天 了然 後門 口 寫著 歡迎 史瓦濟蘭 國王 王母 前 幾天 倒 還好 昨天 更是 三個 黑人 門口 守著 穿梭 車子 間 超 兇的 上下 打量 有點像 太陽 後裔 經典 舉槍 畫面 xx 國 元首 貼身 侍衛 的樣子 為什麼 會來 這麼多 天 有人 知道 國王 王母 來意 嗎,34,7
224152498,臺北醫學大學 藥學系藥學組,m,關於 健康 飲料,2016/6/6,問問 保健 系 同學 或是 研究 同學 市面上 雙美茶 分茶 健康 都有 健康食品 標籤 不巧 家父 高血壓 的問題 不巧的是 遺傳 到了 為什麼 遺傳 咧 我哥 精瘦 體型 六塊 肌 些微 超出 正常值 已經有 定期 運動 喝 這些 飲品 對三高 有效 嗎 或是 有幫助 嗎 ps 剛好 最近 第二件 ６ 折,5,9
224118061,臺北醫學大學,m,今天下午 地震,2016/5/31,好搖 www 大家 地震 感覺 都是 如何 只是 坐在 位子 上看 同學 狂叫,8,4
224079972,臺北醫學大學,f,熱舞社,2016/5/24,今天 看了 熱舞社 成 發熱 血 感動 厲害 阿 好想 跟著 大家 一起 跳舞 喔 大二 才加 來的 嗎,27,5
224079301,臺北醫學大學,f,學校 附近 健身房,2016/5/24,想問 大家 除了 學校 健身房 會去 一家 運動 有沒有 好的 選擇 學校 附近 或是 遠 一點也 請 大家 推薦 一下,3,5
224078544,臺北醫學大學,f,優九 聯盟,2016/5/24,取自 聯合 新聞 網 少子 化 衝擊 大學 手牽手 招生 擴大 利基 包含 東吳 北醫 淡江 輔仁 世新 實踐 共 9 位於 台北 老牌 私校 今天 聯合 手牽手 結為 優九 聯盟 u9league 研擬 雙 學位 制度 修法 通過 最快 新學期 9 月 開學 九校 學生 跨校 修課 畢業 兩校 以上的 畢業證書 包含 大同 大學 文化大學 台北 醫學 大學 世新大學 淡江大學 東吳大學 銘傳大學 輔仁大學 以及 實踐大學 共同 成立 優九 聯盟 u9league 未來 九校 學分 課程 圖書 資源 以及 入學考試 都可以 互選 互通 世新 校長 吳永乾 九間 學校 各有所長 橫跨 理 工商 學 農學 醫學 傳媒 法學 設計 不同 專業 也都 台北 創校 超過 50 老校 歷史 悠久 學術 各有所長 若能 合作 對於 學校 辦學 行政 教學 資源 也能 有效 利用 東吳 校長 潘維大則 九校 合作 不像 聯合大學 組成 法人 組織 而是 默契 方 組成 因此 過去 已經有 兩年 合作 默契 這次 加入 北醫 規畫 9 校雙 學位 制 目前 立法院 提案 修改 學位 授予 法 草案 只要 修法 通過 最快 新學期 開始 任何 一校 學生 都可以 跨校 修課 可上 東吳 法律 也能 修 實踐 設計 畢業 就拿 雙 學位 具備 第二 專長 能力 職場 π 型 人才 才能 成為 無可 取代 職場 優勢 競爭者 潘維大 跨 領域 人才 已經是 趨勢 學校 能替 學生 增強 競爭力 招生 也是 一大 利基 大同 校長 何明果 面對 少子 化 衝擊 對於 小校 來說 其他 學校 合作 有利於 招生 例如 美國 學校 就是 如此 共同 合作 可將 學校 辦的 更好 大同 產業 連結 最深 將會 開放 其他 學校 學生 大同 工廠 實習 至少 開放 10 名額 包含 世新 大同 學期 都向 教育部 提出 調漲 學雜費 申請 未來 九校 合作 是否 聯合 調漲 學雜費 何明果 調漲 學費 各校 決定 各校 專長 領域 不同 有的 法商 工程 辦學 成本 不同 學校 學生 人數 規模 不同 不可能 一起 聯合 調整 吳永乾 不會有 聯合 行為 嗯 大家 怎麼,8,3
224077769,臺北醫學大學,f,請問 附醫健檢 價格,2016/5/24,最近 準備 實習 體檢 資料 需要 抽血 胸部 x光 檢查 附醫 批價 櫃檯 問了 要掛 家醫科 但是 價錢 清楚 到時候 做了 知道 問問 有沒有 之前 去過 知道 大概 多少錢,2,2
224075492,臺北醫學大學,f,可愛的 711 店員,2016/5/24,不知道 有沒有 同學 覺得 學校 711 男店員 很帥 可愛的 有染 一點 頭髮 瀏海 短短的 那位 好像 早上 都會 出現 雖然 很高 也都 帶著 口罩 自從 有次 順手 幫忙 撿 滾出去 零錢 後來 結帳 時候 總是會 忍不住 多看 幾眼 實在是 很怕 有人 認親 不去 告白 北醫 哈哈,33,6
224073308,臺北醫學大學 醫學系,m,水旺 爺爺 一路 走,2016/5/23,httpblogtmuedutwtmubt012347htmlmore 北醫 創校 胡水旺 爺爺 今天 過世 可能 年紀 一點 同學會 記得 以前 水旺 爺爺 已經 一百多 歲還 常常 fb 互動 學校 有辦 活動 水旺 爺爺 還會 送 飲料 支持 真的是 非常 親民 非常 可愛的 一個 爺爺 希望 一路 走,128,0
224047997,臺北醫學大學,f,約會 地方,2016/5/19,請問 學校裡面 學校 附近 約會 地方 不想 一直 閃 別人 想要 好談 戀愛 空間 請 大家 推薦 一下,13,21
224047717,臺北醫學大學,m,窩 咖哩 下落,2016/5/19,吳興街 街口 窩 咖哩 之前 一個 禮拜 沒 開進 天去 發現 變成 賣麵 北醫 附近 賣 咖哩 基本 吃過 一輪 這是 我覺 北醫 附近 cp 值 最高的 咖哩 啊 之一 而且 之前 也都 很好 我不 相信 窩 咖哩 這樣 倒了 qaq 有沒有 知道 消息,7,2
224046830,臺北醫學大學,f,美樂蒂 ktv,2016/5/19,吳興街 上有 一家 美樂蒂 ktv 應該 開了 一年 多有 每次 都很 好奇 裡面的 環境 認真 唱歌 地方 嗎 有人 有去過 分享 一下 嗎,8,7
219969496,臺北醫學大學 藥學系藥學組,m,公衛 蔬果 週,2016/5/16,我有 預購 16 號的 就是 今天 想問 一下 是以 擺攤 形式 販賣 嗎 今天有 穿堂 那邊 逛 好像 沒 看到 如果有 的話 就是 我眼 殘,9,5
219168811,臺北醫學大學,m,北醫 學務處 公告 疑似 慣竊,2016/5/16,請 各位 同學 幫忙 注意 近日 又有 實驗室 同學 遭竊 這是 校方 公布 可疑 人士 菸酒 生 筆電 偷 真是 逼死 data 都在 裡面 欸 欸 欸,28,2
209000997,臺北醫學大學 醫學系,f,一個 粉專 需要 大家 支持,2016/5/12,一個 粉專 需要 大家 支持 httpswwwfacebookcomkyu224466884586353fb 搜尋 粉專 kyu,6,1
202682664,臺北醫學大學 藥學系藥學組,m,保健 便當,2016/5/10,學期 怎麼 沒 qq 一直在 qq,9,5
202473913,臺北醫學大學,m,大家 幫 qaq 語言 獎勵金,2016/5/10,大家 我在 路上 看到 這個 我覺得 對考 jlpt 同學 來說 感覺 很不 公平 日檢 jlpt 四月 報名 七月 第一個 週日 考試 九月 報名 十二月 第一個 週日 考試 要求 當年 報考 檢定 通過 才能 申請 考試 成績 出來 申請 日期 早就 過了 只有 一個 例外 就是 通過 時間 判定 根據 通過 證明 寄送 日期 決定 那麼 104 十二月 第一個 禮拜日 考試 通過 之後 拿到 通過 證書 申請 日期 前 就會 並且是 104 學年度 應屆 畢業生 才能 申請 真的 那麼 麻煩 嗎 還是 其實 根本 希望 考 日檢 申請 謝謝 大家 看到 這裡 希望 大家 指點 qq,7,1
194572318,臺北醫學大學,f,食安 系,2016/5/8,有沒有 後年 要開 食安 系 還是 保健 分出來 卦,7,16
186452658,臺北醫學大學 藥學系,m,電子 資料庫 問題 請教,2016/5/5,圖書館 集點 活動 問題 都很 麻煩 好心 人士 願意 協助 答題 嗎 感恩 httplibrarytmuedutwv2filesipadmini2016q201605030509pdf,0,3
186085068,臺北醫學大學,m,醫管系 666666,2016/5/5,今天 走在 路上 聽到 應該是 醫管 在說 下個 學期 醫管系 搬到 校外 這是 真的 嗎,18,18
183873860,臺北醫學大學,m,檢舉 逃漏稅,2016/5/4,1 不曉得 大家 有沒有 發現 原野 社 基本上 開發 票 不曉得 這樣 稅金 賺 多少錢 共筆 還用 劣質 的紙 臭得 要命 2 合記 書局 也是 開發 票 高手 名義上 你說 團購 價卻 不知 總公司 開發 票 團購 價還貴 發現 總公司 賣得 便宜 還去 抗議 要求 調回 一樣 怎麼會 這種 不肖 業者 小魯 雖然 只是 社會 一顆 螺絲釘 但是 還是 國稅局 網站 檢舉 兩個 店家 希望 這個 社會 能夠 少 得過且過 規定 當屎,50,18
179220102,臺北醫學大學,m,這個 禮拜 學 校醫 綜後棟 前棟,2016/5/3,很多 活動 大家 事情 不妨 看看 哦 xdps 聽說有 人去 某個 活動 抽籤 抽到 凶 當天 游泳 腳 抽筋 小聲,11,4
179159154,臺北醫學大學,f,協尋,2016/5/3,墨綠色 羽球 球袋 ubike 處 不見了 時間 是在 430 晚上 720 左右 請 各位 幫忙 尋找 看看 謝謝,7,1
177761935,臺北醫學大學,f,有沒有 免費 便當 講座 社團 阿,2016/5/2,我覺得 北醫 免費 便當 講座 真的 推 誒 但查 一下 怎麼會 一個 專門 貼 免費 便當 文 社團 阿有 的話 滿想加 耶 哈哈,24,8
169110264,臺北醫學大學,m,告白 北醫,2016/4/29,不知道 大家 告白 北醫 看法 1 上去 認識 有沒有 寫到 嗎 2 會用 這個 匿名 發文 說出 心裡話 嗎 3 為什麼 告白 北醫 這麼 富姦 針對 第三 點 推測 告白 北醫 小編 只有 一個 或是 不想 再管 還是 有人 知道 內幕 嗎 想開 告白 北醫 20 多人 管理 小編 傳承 機制 不知道 大家 覺得 如何,29,8
168135632,臺北醫學大學,m,拖延 症,2016/4/29,欸 看到 一些 同學 每天 上課 遲到 作業 deadline 還在 那邊 苦苦哀求 課代 考試 也可以 遲到 也是 醉 這樣 廢 就算 了連 別人 請 幫忙 的事情 也可以 放 別人 鴿子 一個 下午 電話 不接 訊息 也不 回 東西 那邊 叫 怎麼做 事情 拜託 你們 這種 自私 可不可以 改 一下 壞 習慣 這些東西 出社會 都會 害死 你的 喔,26,5
141551939,臺北醫學大學,f,北醫 真的 校門 口 嗎,2016/4/21,北醫 校門 很多 可能 之前 聽 同學 說過 有些人 走後門 讀 醫學系 但是 當時 抱著 可能 誰 中傷 誰 這樣的 心情 抱著 還是 想要 相信 學校 角度 看待 這件事 不過 這個 新聞 真的 有點 動搖 雖然 最後 轉 成功 不過 裡面 說的 感覺 這件事 就像 公開的 秘密 一樣 忍不住 懷疑 不知道 大家 對於 這件事 看法 ps 不是 想要 戰系 不論如何 對於 大家 發表 意見 如何 都會 給予 尊重 水果 新聞台 北 一名 李姓 醫師 兒子 就讀 中山醫學 大學 2014 年間 離家 遠想 轉回 台北市 就學 楊姓 男子 46 歲 得知 吹噓 不只 協助 轉進 台北 醫學 大學 還可 非 就讀 醫學系 李 男兒 子 轉入 醫學系 就讀 需 1500 萬元 疏通 李男 於是 赴 前金 600 萬元 楊 男 藉口 拖延 李 男兒 子 不想 轉學 楊 男 避不見面 拒 還款 台中 地檢署 依 詐欺罪 起訴 楊 男 起訴 指出 專門 從事 國外 就學 代辦 業務 楊 男經 友人 介紹 認識 李姓 醫師 明知 並無 管道 人脈 協助 代辦 轉學 轉系 事宜 李 男 佯 稱 管道 透過 白 手套 疏通 台北 醫學 大學 董事會 成員 李 男兒 子 轉至 台北 醫學 大學 醫學系 就讀 需 支付 頭期款 600 萬元 疏通 費及 委任 費事 成後再 支付 尾款 900 萬元 楊男為 取信 李男 願以 借款 名義 簽訂 借據 開本 票 擔保 李男 信以為真 楊 男 簽訂 輔導 升學 合約 書並 交付 600 萬元 豈料 李男 屢次 催促 楊 男 辦理 轉學 事宜 楊 男 一再 拖延 3 月 李 男兒 子向 父親 不想 轉系 李男 隨即 楊 男 要求 返還 600 萬元 楊 男 無法 返 還且 避不見面 李男 知道 受騙 提告 楊 男 辯稱 600 萬元 交給 另位 代為 疏通 名醫 無法 舉證 台中 地檢署 依 詐欺罪 起訴 楊 男 許淑惠 綜合報導 原文 連結 httpwwwappledailycomtwrealtimenewsarticlelocal20160420842852,17,28
131776231,臺北醫學大學 藥學系藥學組,m,共筆 空白 處該 放 咧,2016/4/18,我個 人滿 推薦 數獨 一些 非常 準的 運勢 之類,26,12
121313405,臺北醫學大學 呼吸治療學系,m,警笛聲,2016/4/15,有沒有 知道 剛剛 北醫 附近 發生 什麼事 好多 救護車 消防車 開過去 似乎是 284 巷 方向 希望 不要 有人 傷亡,6,6
118139792,臺北醫學大學,f,想知道 關於 助教,2016/4/14,好奇 大家 碰到 助教 怎麼樣 有沒有 那種 考試 放水 啊 xdd 還是 那種 沒 架子 平易近人 或是 不苟言笑 解題 又解 不出來 助教 是不是 通常 都是 老師 研究生 啊,11,8
109214633,臺北醫學大學,m,問題,2016/4/12,宿舍 床位 備取 的話 被選 機率 如何,4,9
102639299,臺北醫學大學,f,有關 專服,2016/4/10,我想 請問 一下 是不是 每個 系 系學會 給的 一次 專服 上限 都是 12 小時 就算 參加 一個 禮拜 以上的 服務 隊 營隊 只能 拿到 12 小時 不太 認識 別系 想知道 大家 制度 說來 這裡 發問 p 專服 好難,3,6
100216465,臺北醫學大學,m,綽號,2016/4/9,剛剛 開了 fb 滑 一滑 剛好 看到 有人在 fb 關於 寫上 北醫 楊祐寧 再看看 照片 楊祐寧 沒長 耐人尋味 很帥 還跟 他出去 玩過 欸 別 這樣 qq 各位 身邊 有沒有 有趣的 封號 說來聽聽,7,32
99095355,臺北醫學大學 藥學系藥學組,m,當 別人 聽到 讀 北醫,2016/4/9,個人 遇過 幾種 情況 1 醫學系 這麼 厲害 大多數 長輩 2 那個 信義區 那個 嗎 綽 就是 那個 3 讀 哪個 系 很少 人問 4 北一女 一個 服務生 要問 有沒有 特約 學校 不知道 有沒有 人有 其他 好笑的 狀況 4101228 更新 5 說出 不是 醫學系 看到 對方 尷尬 表情 然後 不錯 啊 鄰居,122,18
96817523,臺北醫學大學,f,申請 入學 面試 志工,2016/4/8,最近 看到 很多 個系 申請 入學 面試 有點 想去 幫忙 想看看 未來 學弟妹 xd 可是 找不到 招募 志工 地方 有人 知道 嗎,6,4
71181815,臺北醫學大學,f,服學 維新,2016/3/31,fb 看到 服學 維新 有人 知道 服學 維新 什麼時候 才要 舉辦 公聽會 之類 的事情 啊 滿肚子 的問題 想要 直接 找 學校 問 清楚 有人 知道 什麼時候 嗎,24,20
67999767,臺北醫學大學,f,附設 醫院 醫美 中心,2016/3/30,我知道 北 醫學 生在 附醫 掛號 不用 掛號費 請問 有人 知道 醫美 中心 收費 嗎 北 醫學 生 有無 優惠 有沒有 人在 附醫 打過 雷射 想縮 毛孔,12,4
60034526,臺北醫學大學,f,3 月 28 日,2016/3/28,學校 328 需要 穿 西裝 活動 嗎,8,6
38447751,臺北醫學大學,m,早餐 街 house 髮 藝,2016/3/22,有人 去過 house 髮 藝 剪頭髮 嗎 好像 開蠻 久 不知 評價 如何,5,10
37542839,臺北醫學大學,f,推薦 晚餐 宵夜,2016/3/21,吳興 商圈 開了 一家 新店 賣 臭豆腐 麵線 好吃 又料 多 臭豆腐 的湯 好喝 老闆 有些 沉默 戴著 口罩 划算 好吃 但是 不知 怎麼 很少 光顧 推薦 大家,18,10
21591906,臺北醫學大學,m,北醫 正顎 手術 費用,2016/3/16,如題 最近 下顎 問題 北醫 齒 顎 矯正 科 對於 矯正 費用 牙科 明確 給出 數字 但在 開刀 部分 再與 口腔 外科 確認 請問 經驗 同學 北 醫學 生在 醫院 正顎 手術 約 需要 多少錢 謝謝,2,4
6949742,臺北醫學大學,f,前 幾天 出現 7 前 黑狗,2016/3/11,請問 有沒有 知道 平安 嗎 是不是 好心人 帶 回家 這幾天 都下 大雨 完全 不見 他的 蹤影 真的 還滿 擔心 他的 乖 悲傷 如此 憂鬱 絕望 眼神 實在 覺得很 心疼 希望 受到 任何 傷害 希望 北醫 同學們 提供 他的 行蹤 真的 很想 知道 安不安全,38,9
4976657,臺北醫學大學,f,問 大家 選系 是為了 興趣 還是 薪水,2016/3/10,最近 一直在 思考 一個 問題 大家 考上 自己的 系 或是 選擇 現在的 系是 興趣 還是 以後的 薪水 還是 其他 考量 哪樣 薪水 才算 高 呀,11,7
1234259,臺北醫學大學,m,轉系 規定,2016/3/8,代 po 要轉 藥學 門檻 學年 總平均 80 分 還是 上下學 期 平均 都要 80 分 通識 被當 轉系 嗎 另外 轉系 考 報名 考試 時間 什麼時候,0,7
1229047,臺北醫學大學,f,關於 學校 健身房,2016/3/7,最近 開始 學校 健身房 不過 對於 跑步機 使用 不是 很清楚 想要 跑 的話 先在 櫃檯 登記 看上 一個人 使用到 什麼時候 接著 填 下去 我看 那個 表 好像 也沒有 分第 幾台 跑步機 的樣子 不知道 有沒有 飛輪 很厲害 帶練 好像 三個人 以上 借 飛輪 教室 動起來,11,14
1215441,臺北醫學大學,f,開學 除了 上課,2016/3/5,唉 開學 兩週 除了 上課 還有 活動 值得 參加 嗎 我不 想要 繼續 廢 下去 大家 新學期 都有 什麼樣子 規劃,8,14
1193092,臺北醫學大學,f,北醫 附近 讀書 地方,2016/3/1,求 北醫 附近 讀書 飲點 東西 坐 很久 地方 星巴克 除外 已經 去膩 大一 小朋友,14,12
1147779,臺北醫學大學,m,求救 學生證 掉了,2016/2/21,請問 我要 先去 那個 處室 辦 還有 補辦 學生證 要錢 嗎,3,10
1143192,臺北醫學大學 公共衛生學系,f,大家 排名 學校 周邊 午餐,2016/2/20,到了 開學 時候 每次 開學 痛苦 的事情 莫過於 中午 吃 尤其 我這種 三老 屁股 來說 根本 學校 周邊 吃到 爛了 於是 如題 請 大家 幫 排名 學校 周邊 午餐 老妹 週 一開始 照 排名 往下 吃,22,41
1109092,臺北醫學大學,m,遜色 北醫 營隊 文化,2016/2/13,安安 各位 大大 水水 最近 成大 版 非常 熱鬧 討論 關於 救國團 以來 流傳 許久 營隊 文化 可恥 不只是 營隊 可恥 腐敗 守舊 裙帶 文化 更新 對於 彰友 一事 謝謝 第一代 總召 特地回 文 不知道 這段 曲折 當時 cul 先行 才有 彰友 熱門 科系 形式 賣點 訴求 有所 雷同 很抱歉 誤會 你們 抄襲 一詞 確實 太過 嚴重 由於 狄卡 無法 顯示 編輯 紀錄 為求 負從 錢 觀念 砲 起身 大一 該 怎麼 面對 這些 系 或是 社團 營隊,17,5
1092534,臺北醫學大學,m,傳說中 轉系 秘笈,2016/2/9,聽說 北醫 校 內有 販售 神秘的 轉系 秘笈 但是 是誰 販售 阿要 透過 管道 購買 啊,16,21
1087335,臺北醫學大學,f,有沒有 忘記 選課,2016/2/7,嗯 事情 這樣子 寒假 忙著 參加 志工 團的 活動 還有 忙著 找 打工 忙著 顧家 裡的店 一不小心 整個 選課 日子 拋到 九霄雲外 不知道 該 怎麼辦 尤其 我上 學期 選課 數超少 押 權重 超級 衰 簡直 為我 這下 學期 煩惱 死 不知道 有沒有 類似的 神人 救救 雖然 我知道 大概 沒救了 是不是 只剩下 加退選 救好 課 大概 沒法子 選 茶淚 玻璃 心碎,20,18
1084958,臺北醫學大學 保健營養學系,m,勳年 快 熱猴運 當頭,2016/2/7,好久 新的 文 ㄌ 哈哈 各位 北醫 ㄉ 迪卡 大大 們 大家 新年快樂 祝 大家 都可以 領到 很多 壓歲錢 還有 麻將 贏錢 重點 誤 面對 長輩 連環 砲 全身而退 happychinesenewyear 滷 糖,45,7
1054913,臺北醫學大學 醫學系,m,揪 羽球網 球,2016/1/31,各位 捧 油們 有人 打球 沒人 打得 嗎 一起 揪團 打球 八,8,6
1030083,臺北醫學大學,m,彭 老師 演講,2016/1/24,最近 聽 一位 彭 老師 演講 裡面 一段話 印象深刻 以下 文章 所述 老師 指 日語 先生 也就是 各行各業 前輩 台灣 美國人 培育 最大的 差異 並不在 品質 優劣 台灣人 頭腦 聰明 welleducated 甚至 很多 年輕人 努力 為什麼 美國 年輕人 十歲 創業 成功 比比皆是 台灣 鳳毛麟角 我認 責任 這些 為人師表 身上 美國人 習慣 傾囊相授 認為 技藝 傳承 一種 責任 這個 國家 強盛 命脈 因此 學生 教好 學生 站在 自己的 肩膀 上視 為榮 耀 台灣 老師 大多 這麼 台灣 老師 尤其是 那些 著重 技藝 傳承 行業 例如 外科 醫師 廚師 技師 不少 人視 傾囊相授 畏途 不少 老師 學生 視之為 未來的 競爭 對手 認為 一旦 學生 教會 未來 就會 威脅 自己的 利益 領域 獨佔性 雖然 常常 師徒 制 掛在 嘴邊 其實 只是 學生 當成 廉價 勞工 免費 勞工 一個 頤指氣使 工具 等到 真的 傳授 技藝 時候 專挑 重要的 枝微末節 教 往往 浪費 年輕人 好幾 人生 只學會 一大堆 雜事 真正的 重點 殺手 眼看著 跟著 老人 進 墳墓 這些 老人 不停地 講 哎 年輕人 不行 啊 放心 交棒 這個 技術 還不會 不敢 放手 呃 年輕人 不需要 老師 旁邊 看顧 呀 這些 老人 一方面 自己的 地位 推崇 為師 實際上 是在 壓榨 年輕 羈絆 年輕人 腳步 然後 社會大眾 看到 年輕人 後起之秀 搖頭 嘆氣 年輕人 不行 其實 老人 們 你們 錯了 年輕人 怎麼會 不知道 有沒有 認真 教 不教 積極的 學生 過 幾年 自然會 其他的 地方 學會 而且 耽誤 他的 青春 壓榨 卻不 教 恨 一輩子 不如 好好 教 傾囊相授 教學 生 十個 九個 會心 存 感激 未來 你有 需要 時候 會報 答 事業 即使 競爭 之處 學生 也會 處處 容讓 重要的 老人 們 不能 停止 學習 教學 生的 同時 也要 偷懶 繼續 學習 新的 東西 繼續 不停的 進步 很多 老人 就是 一個 懶字 不讓 年輕人 超越 方法 不是 繼續 努力 往前 跑 而是 停下來 絆倒 年輕人 這是 不對的 這是 卑劣 做法 之前 我們的 一輩 那麼 無私 教導 這些 四 五年級 生能 人生 精華 時候 發光 發熱 為國家 創造 驕傲 現在 不就是 我們的 技藝 傳承 下去 光榮 時刻 嗎 老人 呀 收起 短視近利 老花眼鏡 努力的 無私 年輕人 抬到 你的 肩膀 站在 你的 肩上 爬得 更高 看得 更遠 更加 耀眼,36,1
1027308,臺北醫學大學,m,今天 天 氣冷,2016/1/24,大家 記得 注意 保暖 真的 不得已 外出 的話 多 穿點 哦 放熱 之後 正 急遽 降溫,30,1
1009227,臺北醫學大學,m,禮拜日 渣打 路跑,2016/1/19,因為是 跑 半馬 結合 地點 總統府 530 起跑 請問 有人 剛好 也要 參加 一起 共乘 嗎 順便 找 同好 0,11,0
989932,臺北醫學大學 醫學系,m,通識課 問卦,2016/1/14,最近 考完 期末 發現 學校 已經 開放 查詢 學期 課本 表 有位 叫做 曾佳婕 老師 開的 課 都是 英文 系列的 感覺 以前 沒在 北醫 聽過 不知道 有沒有 人修過 她的 課,9,10
965008,臺北醫學大學,m,請問 吉他社,2016/1/7,請問 今年 有沒有 吉他 營 這個 活動 好像 現在 都還沒 消息 去年 大一 撞 之夜 沒辦法 參加 還有 請問 大二 能夠 報名 嗎,7,3
962246,臺北醫學大學,m,問卦,2016/1/7,有沒有 保健 系 三年級 h 姓 同學 八卦,18,23
958221,臺北醫學大學,m,轉系 考,2016/1/6,我想 轉 藥學 問問 大家 覺得 學期 開始 準備 轉系 考 來得及 嗎,6,8
945870,臺北醫學大學,m,北醫 周邊 剪頭髮,2016/1/3,最近 有點 新年新氣象 問問 大家 這三間 店 評價 如何 附醫 急診 對面的 上越 早餐 街 house 髮 藝 rj 謝 各位 學長 姐,7,12
944714,臺北醫學大學,f,自學 新 警衛,2016/1/3,昨晚 經過 自學 專注 目光 霸氣 身影 俘虜 愛芙蘿黛蒂,88,23
918016,臺北醫學大學,m,學 烘培,2015/12/26,有請 滷 唐 開班 授課 想學 帥哥 教學 相信 學的 很好,18,9
914824,臺北醫學大學,m,冷清 聖誕節,2015/12/25,有沒有 發現 今天 放學 校園 特別 冷清 根本 沒 幾支 人影 難過 只能 大家 放生 在這裡 討拍,22,3
898655,臺北醫學大學,f,學校 附近 好吃 啊,2015/12/21,以前的 同學 約好 學校 這裡 找 呷 飯 ww 平常 同學 附醫 後面 那裡 吃 還不錯 兩個 都有 經費 困難 xdd 問過 之後 吃 便宜 大碗 那種 不過 這樣 感覺 會不會 怪怪的 人家 老遠 吃 一碗 牛肉麵 如果是 我會 覺得 不划算 欸 xdd,9,13
861065,臺北醫學大學,m,北醫 大家 好請 幫助 我的 朋友 完成 她的 夢想 xd,2015/12/10,以下 她的 增援 請求 徵 北醫 神聖 一票 我是 北醫 畢業 學姊 最近 參加 一個 活動 徵 選去 北歐 雪橇 狗 極地 登山 活動 剩小 2 小時 人氣 投票 需要 大家 支持 推 我去 極地 20 票 擠進 前 10 名 團結力量大 台灣 超越 加拿大 這是 全球 徵選 httpwwwfjallravenpolarcomuserprofile417 上課 發呆 嗎 左右 快 睡著 拉起 她的 手 幫 我點 一點 vote 謝謝你 妳 北醫 愛,16,3
852966,臺北醫學大學,m,關於 直屬 的事情,2015/12/8,大家 覺得 直屬 應該 怎麼 交流 我知道 一定有 不好 相處 也有 相處 超 好的 但是 還是 想問 大家 直屬 制度 當成 機緣 還是 義務,20,31
840687,臺北醫學大學,f,花錢 請 教練 慎選,2015/12/4,各位 學弟妹 辛苦 不管 有無 得名 都是 系 共同 寫下 大學 回憶 但是 總 有些事 真的 很不 開心 看到 這個 真的 心有戚戚焉 請 大家 共同 抵制 這樣 草草了事 教練,32,6
836622,臺北醫學大學,f,有沒有 學校 附近 推薦,2015/12/3,多數人 都會 尾數 家聚 或是 聯合 家聚 其實 一直 好奇 北醫 附近 合理 價位 還不錯 聚餐 餐廳 有沒有 推薦 啊 其實 平常 吃 長得 差不多 也不 知道 哪裡 好吃,7,7
830676,臺北醫學大學,f,求 北醫 附近 牙醫 診所,2015/12/2,請求 各位 同學 幫 解答 阿 之前 一直 聽聞 附近 一家 牙醫 診所 第一次 洗牙 不用錢 真的 不知道 哪家 啊 附近 超多 診所 不知道 哪家 大家 推薦 拜託 幫 解答,5,7
815969,臺北醫學大學,f,好奇 想知道,2015/11/27,關於 北醫 多少 僑生 陸生 外籍 生有 dcard by 也是 僑生 同學,15,37
809277,臺北醫學大學,f,學校 貓咪,2015/11/25,請問 校內 除了 白 花貓 黑貓 還有 其他的 貓嗎 每隻 貓 都有 名字 嗎 那些 貓 都好 可愛 呦,16,7
808244,臺北醫學大學,f,黑特 十字路口 發 傳單 店,2015/11/25,常在 吳興街 莊敬路 十字路口 發 傳單 印象 已經 發兩 三年 健康 營養 早餐 一次 順手 傳單 然後 被問 要不要 去試 他們的 早餐 剛好 沒事 去了 去了 之後 請 填 資料 量 體重 然後 弄 一杯 香草 口味 高蛋白 給我 喝 錯 所謂的 早餐 就是 一杯 高蛋白 接下來 就是 一連串 推銷 每天 早上 喝一杯 當 早餐 非常 飽足 感 然後就 瘦 體脂肪 下降 有說 當然 其他 餐 也不能 大吃 怎麼樣 聊一聊試 喝 之後 默默 開始 介紹 收費 模式 忘記 確切 數字 但是 一個月 平均 每天 一百多元 連問 有沒有 考慮 都沒有 直接 就問 我要 哪種 方案 最後 實在 不知道 怎麼辦 真的 很想 逃走 於是 只好 花了 快 四百元 買了 三天 試用期 但是 一次 沒去 四百 我去 市政府 買 餅乾 還可以 買 八包 嗚嗚 總而言之 整個 過程 我覺得 非常 專業 就是 一種 硬 推銷 產品 感覺 非常 傻眼 我會去 社區 健身房 一週 兩次 竟然 建議 不如 健身房 錢 省下來 買 家 早餐 喝 一樣可以 達到 瘦身 效果 裡面 自稱 曾經是 運動 國手 還有 自稱是 北醫 醫療 人員 人和 自稱是 中醫師 老闆 不知道 說的是 不是 真的 只是 覺得 醫療 背景 應該 不會 叫 運動 只要 吃 高蛋白 如果有人 也有 親身經驗 覺得 完全 不是 這樣 反駁 一下 只是 大家 不要 一樣 傻傻的 去試 喝 還花 冤枉錢,41,28
799813,臺北醫學大學,m,宿網 能否 使用 ap 轉換 成 wifi,2015/11/22,首 po 有錯 請 鞭小力 請問 有住 宿舍 同學 能否 使用 ap 宿網 轉接 wifi 小弟 筆電 無法 直接 開啟 基地台 功能 囧 之前 嘗試 過一 兩次 都是 無法 連線 狀態 到最後 只能 資訊處 消 mac 位置 如果有人 宿舍 是用 ap 轉 wifi 的話 麻煩 各位 好心 人士 幫忙 搭救 感恩 附上 ap 照片 一枚,2,12
798202,臺北醫學大學,m,考完 大多數 試,2015/11/22,大家 有沒有 聊個 天 xd 開個 串 講講 期中 看法 嗯 雖然 熬夜 有點 累 不過 還是 學到 很多 知識 明年 見 學弟 告訴 他學 多少 知識 好了 ω,8,8
797259,臺北醫學大學,m,交換 才藝,2015/11/21,在下 不才 非常 需要 加強 英文 能力 沒什麼 多餘的 生活費 想問 有人 願意 專長 互相 交換 學習 嗎 專攻 羽球 攝影 游泳 行,6,3
760767,臺北醫學大學,f,學校 附近 慢跑 路線,2015/11/14,經過 生化 一番 轟炸 小妹 決定 開始 慢跑 其實 生化 一點也沒 關係 不喜歡 健身房 跑 隔壁 跑步 強大 挫折 不想 一直在 北醫 校園 繞圈圈 有人 推薦 學校 附近 慢跑 路線 嗎 希望 安全 一點 應該會 一個人 跑 拜託 大家 提供 小妹 一點 建議,22,29
759365,臺北醫學大學,m,宿舍 旁 蔥油餅,2015/11/14,好吃 好吃 還有 法式 吐司 讚 好多 正妹 都在 吃 心情 真好,20,5
750279,臺北醫學大學 護理學系,m,畢業 季 來了,2015/11/11,即將 結束 大學 生涯 即將 脫離 學生 身分 邁入 社會 這時 想到 哪些人 哪些 事 還是 甚麼 樣 畫面 樣 回憶 令人 久久 無法 忘懷 令人 想到 就會 莞爾 一笑 即將 未來 啟程 畢業生 除了 依依不捨 之外 你還 有別的 選擇 回憶說 故事 只要 妳 提供 故事 劇本 學校 開拍 製作 成為 畢業 主題 影片 歌曲 妳的 美好 故事 動人的 歌聲 成為 畢業典禮 感人的 片段 甄選 對象 全校學生 不限 年級 科系 均可 參加 總獎金 16000 元 整將 選出 12 組 獲選 作品 並依 獲選 組數 分配 獎金 活動 簡章 連結 httpsgooglgzr1ft 服組 網站 下載 詳情 請洽 畢聯會 活動 組 護理系 洪伯堅 spps50836gmailcom0953357931 公衛 系趙映婷 rodychaogmailcom0988237815 學務處 生涯 發展 就業 服務 組沃國瑋 分機 2241 北醫 騷護生,22,4
746066,臺北醫學大學,f,想問 學校 幫忙 化驗 自來水 嗎,2015/11/10,如題 三位 室友 合租 一層樓 自來水 松香油 味道 解決問題 可是 房東 女生 欺負 不想 解決問題 忍想問 學校 或是 北醫 附近 化驗 地方 嗎 謝謝你 們,8,6
742927,臺北醫學大學 藥學系,m,北醫 附近 哪裡 機車行 驗 排氣,2015/11/9,如題 找 北醫 附近 哪裡 機車行 驗 排氣,0,2
740227,臺北醫學大學,m,詢問 校名 更改,2015/11/8,現在 還是 台北 醫學 大學 嗎 還是 已經 變成 台北 特別行政區 醫學 大學 惹 啊 oaoa,5,5
732576,臺北醫學大學 牙醫學系,m,飲料 杯 猜謎 跟風 北醫 梗,2015/11/6,一如往常 搭 小巴 7 市府 捷運站 出發 傳來 熟悉 報站 即將 抵達 然後 突然 接話 為什麼 原來是 無心 接 派出所,111,9
720794,臺北醫學大學,m,健身房 帥哥,2015/11/3,帥氣 不用 臉蛋 多 俊俏 不用 多會 交際 話術 看來 認真 崗位 男生 帥氣 他是 健身房 運動 保健 員 瘦瘦高高 聲音 厚實 認真的 同學 老師 們 測量 體適能 給 健身 意見 鼓勵 甚至 親自 示範 欣賞 你是 正在 尋覓 如意郎君 女性 用空堂 健身 然後 偷偷 觀察 喔,28,10
718299,臺北醫學大學,f,重訓室 性騷擾,2015/11/2,今天 晚上 重訓室 運動 快 用完 時候 看到 一個 非常 另人 感到 舒服的 事情 居然有 男生 偷拍 一位 女生 深 蹲 時候 承認 這位 女生 很正 身材 很好 但是 這不 代表 這樣 經過 她的 同意 拍下來 當下 不知道 該 怎麼辦 想到 應該 拍下 男的 長相 走了 覺得 應該 那個 女生 知道 以後 才可以 注意 一下 呼籲 北醫 女性 們 要注意 一下 喔 然後 舒服 真的 要講 不要 自己的 權益 受損 妳 看到 這個的 話 對不起 你的 心 情變 不好 看到 妳的 臉 整個 垮下來 覺得很 傷心 告訴 妳 只是 希望 知道 你有 防備 心 你們 看到 不要 為你們 拍 甚至 錄 很爽 嚴重 懷疑 這個 犯法 連結 下方 記得 你的 長相 希望 體諒 一下 女生 感受 httpgendercpshshccedutwfiles161002297phplangzhtw,49,14
706082,臺北醫學大學,m,平凡 夜晚,2015/10/29,每到 晚上 接近 吃飯時間 會出來 走走 覓食 發現 最近的 醫綜好 熱鬧 好像 很多 人在 跳舞 不到 活動 好了 進入 重點 進入 大樓裡 面 角落 發現 女生 練 類似 國 標的 東西 頓時 覺得 會國 標的 女生 體態 太 優雅,28,9
705263,臺北醫學大學 醫學系,f,新生盃 結束 校園,2015/10/29,下圖 唉 最近 超多 輪椅 石膏 快要 附醫 來的 伯伯 配外傭 分不清楚 惹 雖然 醫院 就在 旁邊 同學們 還是要 小心 啊啊啊 啊,82,1
685993,臺北醫學大學 生藥所,m,附近 有沒有 便宜的 理髮店 不要 家庭 理髮,2015/10/23,最近 吳興 莊敬 附近 看到 一間 光 剪髮 500 以上 不想 家庭 理髮店 剪想 問問 北醫 附近 有沒有 價位 400 以內 洗 加剪,3,4
678766,臺北醫學大學,f,北醫 帽 t,2015/10/21,去年 出過 北醫 帽 t 可是 怎麼 之後 絕版 當時 買 一件 但是 想再 買 別的 顏色 雖然 已經 畢業 還在 學校 同學 學弟妹 有人 消息 知道 還會 會出 帽 t 嗎 還是 學校 其他 地方 賣 北醫 帽 t 附上 之前的 臉書 連結 httpsmfacebookcomtmuhoodie,22,17
665607,臺北醫學大學 醫學系,f,北醫,2015/10/17,怎麼 抽 不到 自家 學校 卡,8,14
651842,臺北醫學大學,m,應屆 畢業 能考 轉系 考 嗎,2015/10/13,如題 還沒 問過 學校 先來 問有 經驗 朋友們 怕 準備 完全 沒 資格考試 啊,4,5
648049,臺北醫學大學,m,神人 今天在 北醫 附醫 擔任 流感疫苗 志工,2015/10/12,你們 有看到 麻煩 回應 一下 你們 敬業 態度 以及 親切 笑容 雖然在 口罩 底下 我還是 感受 希望 未來 多 你們 一起 分享 有趣的 事情 ps 在打 電腦 兩位 學妹 真的 cute,14,0
640891,臺北醫學大學,f,沒人 北醫 做過 矯正 牙套,2015/10/10,明年 六月 畢業 xd 想說 還有 學生 優惠 應該 要來 戴 一下 雖然 覺得 嚴重 但是 新生 體檢 時候 醫生 建議 咬合 矯正 xd 難道 是為了 衝 業績 問問 北醫 同學 有人在 附醫 做過 矯正 帶過 牙套 嗎 能不能 分享 一下 and 有沒有 推薦 醫生 順便 活絡 一下 北醫 版 oao 謝謝 大家,16,23
593893,臺北醫學大學,m,北醫 老師 是不是 都不 愛 中間 下課 啊,2015/9/26,剛從 其他 學校 轉來 發現 北醫 課表 每節 隔 10min 緊湊 除此之外 遇到 老師 們 六七成 中間 下課 實在 很難 持續 集中 注意力 啊 另外 78 接 9a 晚餐 方法 嗎 是不是 只能 吃 麵包 啊 提早 適應 醫院 生活 嗎 xd,28,21
588943,臺北醫學大學,m,問 大家 一個 關於 這裡的 問題,2015/9/24,大家 小弟 想要 請教 這裡的 各位 一個 問題 就是 是說 如果在 dcard 社團 宣傳 文章 大家 覺得 反感 嗎 意思 就是 看到 北醫 版 會看 社團 資訊 可能有 新生 剛 進來 北醫 還沒有 辦法 各大 社團 看看 我想 聯絡 社團負責人 們 討論 看看 要不要 也在 dcard 提供 社團 情報 今年 使用 dcard 北醫 比較 熱情 覺得 好像 還不錯 不過 還是 問問 大家 意見 留言 的話 請 直接 表達 或是 不要 謝謝 大家 我要 餵 流浪貓,15,33
585413,臺北醫學大學,m,學妹 幹嘛 一直 看著,2015/9/23,記得 那時候 大學 不在 台北 基本上 沒什麼 朋友 不用說 同學 於是 當天 體檢 一個人 執行 一路上 許多 學弟妹 幫忙 指引 還算 順利 一路 到了 量 身高 關卡 時有 三台 機器 都是 空的 忽然 發現 最後 一台 一個 女生 滿有 氣質 欸 於是 秉持著 運動會 長 高的 心態 順理成章 走 到最後 一台 排隊 身高 量 過程 偶爾 偷偷地 到了 幾次 眼 也有 小聊 一下 正當 結束 時候 指了 指 我的 表格 提醒 還有 哪些 項目 於是 說了 聲 謝謝 東西 拿著 就走 正當 走時 發現 一直 看著 有種 欲言又止 感覺 天啊 該 不會 北醫 第一天 就要 神 展開 我還有 什麼事 嗎 那個 麻煩 給我 天啊 聽到 兩個字 整個 心跳 加速 爆炸 我給 我的 筆 剛剛 說明 完 直接 抽走 媽的 超 冏 於是 他說 聲 抱歉 拿給 迅速 離開 現場 一站 就是 這麼 巧量 血壓 多說 同學 血壓 有點 高 喔 甜食 少吃 os 一定是 她的 笑容,58,17
585244,臺北醫學大學,f,我的 腦包 寶寶 室友,2015/9/23,寶寶 我的 室友 之所以 稱作 寶寶 平常 寶寶 男朋友 親暱 稱呼 戴 墨鏡 寶寶 講話 鼻音 外加 一點點 娃娃 音 皮膚 白白的 戴 眼鏡 總之 那種 大家 覺得 笨笨呆呆 可愛的 女孩 事件 ㄧ 一天 打賭 一個 禮拜 不罵 髒話 就要 罵 髒話 影片 刪掉 於是 禮拜一 我回 宿舍 開始 算起 一回到 宿舍 開始 整理 行李 打不開 盒子 時候 順口 馬 沒想到 她的 鼻音 齁 還好 不是 罵 耶靠 ω 於是 不到 三分鐘 贏了 事件 二 某天 我問 能不能 借 髮 圈 開心的 多的 借 隔天 忘記 就把 放在 桌上 經過 位子 時候 剛好 瞄到 跑來 跟我說 欸 我也 有個 一樣的 髮 圈 耶 白癡 哦 那是 你的 睜大 眼睛 手勢 屁 我的 頭上 耶 智障 一起 住 會不會 變 智障 事件 今天是 大學 第一堂 游泳課 完課 之後 聽 不太 叫 xd 後來 才用 招牌 鼻音 耳朵 進水 聽不清 楚 回到 宿舍 我去 洗澡 突然 有人在 門外 大叫 我的 耳朵 越來越 多水 齁 鼻音 為甚麼 學長 倒水 進去 啊 齁,48,19
582717,臺北醫學大學,f,不知道 事,2015/9/22,hello 學長 你好嗎 記得 面試 時候 真的 非常的 緊張 北醫 這麼 小我 還可以 迷路 謝謝你 幫 模擬 面試 幫 修改 備審 資料 給了 好多 意見 就像 你說 不知道 事 就是 進來 就知道 對不起 最後 一次 學校 看到 跑過去 打聲 招呼 第 一時間 說出 我的 感謝 可能 不知道 不會 再見面 學長 你好嗎 善良 天使 過的 好嗎,34,2
576209,臺北醫學大學,f,有沒有 連續 10 天 抽到 北醫 的掛,2015/9/20,已經 連續 四天 抽到 北醫 而且 我的 另外 兩個 室友 也都 這樣 xddd 大家 覺得 最近 容易 抽到 北醫 嗎,41,23
574310,臺北醫學大學,m,android 手機 如何 設定 北醫 學校 信箱,2015/9/20,我只 知道 網頁 版會 導向 一個 登入 窗口 可是 手機 app 不行 直接 死給 我看 qq 想問 大家 怎麼 設定 手機 app 收發 郵件 現在是 先用 信箱 轉寄 作為 代替 方案 不過 直接 gmail 真的 方便 啊 拜託 狄卡 不要 檢舉 我沒有 交換 資料 qaq,5,19
572658,臺北醫學大學 牙醫學系,m,dropbox 大專 盃 北醫 人衝 啊,2015/9/19,只要 認證 tmuedutw 信箱 馬上 增加 3gb dropbox 容量 階段 8gbhttpswwwdropboxcomcampuscup 節錄 說明 如下 說明 網址 httpswwwdropboxcomhelp9131 競賽 時間 2015 9 月 17 日起 2015 12 月 14 日止 這段 期間 同校 使用者 贏取 dropbox 空間 直到 2018 1 月 1 日 為止 兩年 時間 內 都可以 參賽 dropbox 帳戶 使用 大專 盃 贏得 儲存 空間 大家 剛 開學 報告 一堆 一定會 網路 硬碟 需求 快來 幫 北醫 爭取 榮耀 硬碟 空間,15,5
545727,臺北醫學大學 生物醫學暨組織工程研究所,m,北醫 附近 美食,2015/9/10,剛來 北醫 感覺 附近 好多 店家 價位 好像 都不 便宜 有人 推薦 cp 值 高的 店家 嗎,16,21
545142,臺北醫學大學 牙醫學系,m,啊 好煩 呦,2015/9/10,我想 打系 籃加 吉他 最後 一個 考慮 楓杏 系排 哪個 選擇 比較好 啊 哈哈哈 xd,16,26
544856,臺北醫學大學,f,大一 新生 煩惱 滿滿 啊啊啊,2015/9/10,如題 我是 今年 北醫 新生 抱持 滿心 期待 大學 遇見 一堆 一樣 嗨 嗨 神經 咖 但是 不光是 室友 我的 身邊 充斥 所謂的 日飯 快 暈昏 講話 毫無 交集 宿舍 大家 也都 抱著 電腦 手機 苦 追 動漫 呀 漫畫 呀 怎麼 都是 宅宅 叫 滿肚子 都想 聊天 打屁 情何以堪 啊 啊 再加上 又是 新生 人生地不熟 找不到 談心 沒伴 到處 晃晃 認識 環境 希望 北醫 裡和 一樣 外向 嗨 嗨 同學 快來 認識 呀 ps 心情 版上 也有 留了 同樣 文 喔喔 如果是 北醫 同好 歡迎 約 逛 校園 呀 目前 周邊 還不 熟,32,35
514907,臺北醫學大學,m,關於 選課 的問題,2015/9/1,各位 學長 姐好 我是 今年 大一 我知道 手冊 寫的 詳細 但是 我看 完了 還是 有點 一頭霧水 啊 希望 各位 學長 姐 幫 解答 疑惑 1 請問 選 別的 年級 通識課 嗎 2 請問 選別系 課 嗎 麻煩 各位 耐心 替 解答 感謝,6,9
514471,臺北醫學大學,f,請問 學長 姐 有關於 楓杏,2015/9/1,剛剛 有看到 另外 一篇 文 底下 留言 提到 楓杏想 請問 各位 學長 姐們 楓杏是 樣 社團 啊 為什麼 感覺 很多 不喜歡 推薦 楓杏 的話 哪個 社團 比較好,8,49
509453,臺北醫學大學,f,人生地不熟,2015/8/31,原 po 最近 剛到 北醫 問問 各位 學長 姐 北醫 有沒有 好吃 好玩的 推薦 一下 還有 有沒有 hold 住 課業 玩樂 工作 八卦 來自 南方 包子,14,63
502514,臺北醫學大學,m,校花 校草 選跋賽,2015/8/29,以下 開放 報名,17,22
496416,臺北醫學大學 牙醫學系,f,抽卡 一直 抽到 北醫 xd,2015/8/27,小妹 我是 大一 新生 剛辦 迪卡滿 一個 禮拜 抽 7 張卡 居然有 5 張是 北醫 天啊 這不 科學 吶 而且 還抽到 未來 同學 同系 學長 xd 到底是 巧合 還是 dcard 篩選 過阿,31,39
463054,臺北醫學大學,f,影印店 哪間 比較好,2015/8/16,請問 各位 學長 姐 學校 附近 哪間 影印店 比較 不雷 最近 印小 手冊 打聽 一下,1,15
458079,臺北醫學大學 護理學系,f,聽說 學校 裝 學生 版 軟體,2015/8/14,前陣子 逛 電腦 時候 考慮 需要 買 office 之類 但是 365 花費 好高 qaq 來聽 朋友 大學 學生 版 安裝 請問 一下 北醫 也有 嗎 還有 是否 時效 限制 謝謝 各位 學長 姊 解答 3,9,14
453080,臺北醫學大學,m,連三拉三,2015/8/12,這太 誇張 dcard 大神 不知道 怎麼回事 連三拉三 抽到 北醫 卡友 阿 究竟是 最近 燒了 甚麼 好香 還是 拜 甚麼 佛 可是 小弟弟 最近 是在 殺 老鼠 甚麼 阿 就讓 繼續 看下去 拉到 幾,38,10
451273,臺北醫學大學,f,大一 抽 宿舍,2015/8/12,學長 姐好 小女子 大一 新生 住的 地方 宿舍 保障 名額 通勤 算是 蠻 距離 轉車 也不是 方便 ˊ ˋ 想問 一下 女生宿舍 經驗 來說 會不會 很難 抽,5,14
441481,臺北醫學大學 保健營養學系,m,水鄉 則校 重出江湖 辣,2015/8/8,好久 沒去 學校 忽然 想到 這麼 大的 颱風 校徽 廣場 大概 儼然 又要 變成 一座 湖泊 ㄌ 還有 二字川湖 操場 湖 真是 水鄉 澤校 ㄎ ㄎ 大家 颱風 不要 在外 戲水 小心 安全 r 滷 唐,28,6
436566,臺北醫學大學,m,問 有沒有 抽到 北醫 容易 神主 卦,2015/8/6,如題 抽 到的 卡友 裡面 最快 神主 好像是 北醫 欸 還是 只有 這樣 qaq 小魯 我不是 帥哥 先 承認 問問 抽到 北醫 同學 簽名 檔 甚麼,12,17
432325,臺北醫學大學,f,通化街 魏姐,2015/8/5,如題 昨天 原本 想帶 男朋友 吃 通化 夜市 魏姐 可是 那邊 發現 魏姐 不見了 變成 眼鏡 行了 有人 告訴 魏姐 跑去 嗎,5,5
429802,臺北醫學大學,m,口 x 醫學院 院長 換人,2015/8/4,據說 有錢 某口 y 醫學院 院長 換人 之前 聽 牙醫 系 朋友 很會 賺錢 是個 錢窟 沒道理 北醫 換下來 阿 有沒有 口 z 醫學院 院長 八卦 探聽 啊,12,19
420307,臺北醫學大學 醫學系,m,義鬥 社反 課綱,2015/7/31,最近的 反 課綱 行動 如火如荼 學校 義鬥社 這次 議題 探討 嗎 或是 人文 社,6,5
394869,臺北醫學大學 醫學系,m,國考 終於 結束,2015/7/21,半年前 緊張 現在 考完 通過 瞬間 真是 超爽的 xdd,30,9
388380,臺北醫學大學,m,復活,2015/7/18,希望 北醫 版 復活,30,26
364520,臺北醫學大學 醫學系,m,求書 藝軒 圖解 臨床 神經 解剖學 神經科 學 4e,2015/7/9,如題 各大 書局 已經 買不到 希望 願意 出售 同學 orz,2,7
311990,臺北醫學大學,m,北醫,2015/6/22,北醫 以後 一直 覺得 懷念 高中 喔 不知 有沒有 也有 同感 北醫 太小 還是 沒 給 學生 聚在一起 系辦 因素 感覺 其他 念台 清交 同學 過的 蠻 愉快 一直在 高中 一種 北醫 不像 學校 像 補習班 營利事業 fu,34,21
286818,國立臺北護理健康大學 休閒產業與健康促進系,m,二字川 淹水,2015/6/14,相信 各位 同學 有看到 北醫 淹水 新聞 可是 小弟 在此 打破 大家 停課 之類 幻想 新聞 報導 時水 早就 已經 退 最深 淹到 本人 小腿肚 不過 淹水 真的是 第一次 見到,32,5
282517,臺北醫學大學,m,北醫 調酒,2015/6/13,最近 突然 對調 酒有 一點 興趣 ｘ ｄ ｄ 北醫 相關的 社團 嗎 還是 好會 之類 對於 入門 新手 有沒有 建議 勒 謝謝 各位 大大,14,10
282301,臺北醫學大學,m,系學會 長 選舉,2015/6/12,小弟 今年 監代要 幫忙 選舉 就在 系上 line 群組 打說 投票 哦 快 結束 時候 年級 同學 根本 沒來 多少個 明明 必修 啊 投票 應該會 滿多的 投票率 沒到 重辦 麻煩 現任 系學會 長 也在 打電話 叫人 投票 我也在 打電話 qaq 年級 投 還是 沒 幾個 雖然 最後 投票率 還是 到了 還是 覺得 有點 心寒 雖然 認識 候選人 但是 系上 幫忙 啊 小弟 很想 大喊 投個 票 幫忙 一下 死 逆,8,11
269863,臺北醫學大學 醫學系,m,北醫 擴建,2015/6/8,最近 聽說 姆 山 宿舍 旁邊 蓋 新 大樓 作 什麼的 阿 大學部 嗎,13,6
259728,臺北醫學大學,f,校內 小白 黑黑,2015/6/5,哈囉 首先 我想 先 介紹 一下 我自己 私底下 他們倆 稱呼 小白 常常 出沒 自學 教研 附近 黑貓 個性 比較 怕人 尤其 怕 狗 廢話 黑黑 灰背 白底 貓咪 左眼 似乎 細菌 感染 分泌物 顏色 雜色 淡 粉紅 自己的 秘密 基地 最常 出現 杏春樓 體育館 附近 ps 很怕 學校 警衛 不知道 為甚麼 可能 警衛 都會 趕 牠們 八 ˊ ˋ 想說的 大家 看到 請 偶爾 過去 打聲 招呼 摸摸 牠們 黑黑 不喜歡 人家 摸 牠 背 但是 很喜歡 人家 一直 叫 牠 一直 叫 牠 牠 就會 開心 跑過來 撒嬌 為甚麼 突然 這個 我覺得 黑黑 似乎 快要 不行了 注意 他們的 就會 發現 牠 毛色 光澤 越來越 黯淡 而且 越來越 沒 精神 而且 甚至 看到 牠 凹陷 兩根 股骨 代表 最近 真的 很不 舒服 我沒有 辦法 養 牠 只能 偶爾 餵 牠 一些 貓 罐頭 慶幸 也有 一些 愛動 物 人士 也在 餵 請 不要 罵 餵 牠們 都是 剪耳貓 tnr 不會 再次 繁殖 一隻 貓咪 壽命 最多 活到 17 左右 流浪貓 平均 壽命 大約 只有 45 希望 北醫 這個 家庭裡 牠們 幸福 著鹿,75,22
248889,臺北醫學大學,f,驕傲 我是 醫管系,2015/6/1,我覺得 醫管系 很好 讀到 現在 發現 醫管系 很好 以往 只是 聽到 醫管系 廢 冗 很沒 未來 為我們 專業 證照 長時間 灌輸 這樣的 概念 我也 只想 混混 學歷 就過去 現在 知道 讀醫管 重要 即使 台灣 醫管 人才 飽和 大陸 還有 很多地方 都是 市場 許多 課程 像是 經濟 會計 生統 學好 研究所 念 其他 科系 呀 擁有 醫療 背景 知識 永遠 不要 擔心 用不到 所學 過的 知識 只怕 不肯 學 總之 希望 醫管系 畢業 未來 這塊 千萬 不要 抹滅 小大 一小 大二 未來的 憧憬 未來 掌握 ps 系 上有 辦 任何 活動 或是 獎助學金 出國 機會 等等 希望 廣大 宣傳 總之 真的 喜歡 醫管系 喜歡 北醫 真的 希望 有些 關於 未來 規劃 東西 大二 大三 就給 學弟妹們 多一歇 方向 真心 希望 醫管系 更好 為我們 真的 他媽的 不差,85,16
225000,臺北醫學大學 保健營養學系,m,大家 設置 學士 護理系 看法,2015/5/24,學校 因應 教育部 來文 考慮 105 試辦 學士 護理系 大家 看法 嗎 歡迎 大家 給點 意見 喔 滷 糖,5,14
219079,臺北醫學大學 呼吸治療學系,m,數位 學生證,2015/5/22,如題 大家 期望 數位 學生證 即將 六月 開始 上路 原 po 非常 懶 一直在 已經 變成 全票 舊 學生證 75 折 我回來,24,15
214934,臺北醫學大學 醫學系,m,mrj 居然 失火,2015/5/21,剛剛在 美食街 本來 想去 7 買個 飲料 驅離 範圍,16,15
213554,臺北醫學大學,m,藝術季 扭蛋,2015/5/20,有沒有 帆布包 超難 抽的 八卦 小弟 四 抽 2 貼紙 1 紙膠帶 1 活字 聽說 明天 會放 新貨 進去 大家 抽到,15,14
212685,臺北醫學大學,m,黑特 前棟 b1 電梯 前,2015/5/20,最近 開始 會在 b1 停留 晚上 10 點後 但是 社團 會不會 真的 太 誇張 那邊 搞 像是 自己的 演唱會 已經 到了 戴 耳機 還是 連 耳機 在播 小叮噹 聽不到 學生 權益 看板 之前 說過 會有 善 處理 團練 的事情 阿那 到底是 怎樣 還有 我敢 打包票 那個 沙小 未來 做主 剛開始 時候 音量 絕對 破 九十 分貝,8,6
212331,臺北醫學大學,m,請益 學校 喵 星 人們,2015/5/20,本魯對 貓狗 生理 病理 不熟 但是 很喜歡 喵 喵 們 常見 學校 黑色 花色 喵 星人 然後 一天 發現 他們的 黑眼珠 很淡 幾乎 看不見 那樣 想問 各位 大大 有沒有 生病 還是 只是 正常 現象,18,3
202730,臺北醫學大學 保健營養學系,m,問 學校 美食街,2015/5/17,小魯 我在 機緣 認識 學校 負責 美食街 頭頭 哪位 xd 如果有 問題 都會 盡力 幫 解決 想問 各位 大大 有沒有 意見 希望 我去 反應 ㄋ ㄟ 太 主觀 意見 可能 沒辦法 轉達 問抗 扛 大家 滷 糖,15,16
193140,臺北醫學大學,m,學校 怪鳥,2015/5/13,有人 知道 自學 前面 那個 鳥兒 屎區 好大 一片 啊,3,9
186972,臺北醫學大學,m,北醫 有人在玩 潮流 嗎,2015/5/10,舉例來說 就是 懂 jordan 鞋 之類 或是 常常 follow 這些 資訊 感覺 北醫 比較 少人 喜歡 這方面 東西 喜歡 潮流 出個 聲,7,17
186616,臺北醫學大學,f,美食街 餐,2015/5/10,這幾天 常在 fb 二手 版上 看到 大家 賣 美食街 餐 問問 那些人 有沒有 想過 學校 為什麼 要給 餐因 為家庭 經濟 狀況 不佳 學校 覺得 省 點錢 學校 吃 但是 可不可以 不要 這麼 公然 版 賣 真的 這麼 缺 四千塊 嗎 我覺得 大家 各取所需 沒什麼 太大 的問題 但是 只要 想到 如果有 一天 真正 需要 餐 大家 這樣 申請 之後 轉售 學校 不再 提供 這樣的 膳食 補助 請 那些 賣餐 大家 想想看 你是為了 幾千塊 換成 現金 申請 或是 你是 真的 需要 那份 餐來 減少 用餐 開銷 請 大家 之後 有要 申請 弱勢 補助 前先 想想 那些 真正 需要,29,8
167817,臺北醫學大學,f,期中,2015/4/30,有人 期中 還沒 考完 嗎 話說 我系 期中 考了 快 一個月 終於 結束 別的 學校 一個 禮拜 考完 有點 不平衡 終於 耍 廢 一下 打個 lol 甘 一堆 考試 擠在 一起 答題 技巧 死 銅牌 一樣,12,26
166632,臺北醫學大學,m,有沒有 北醫 帥哥 很多的 八卦,2015/4/30,最近 覺得 走在 路上 都可以 看到 好多 帥哥 啊 灑花 連上 網球 課 好多 鮮肉 都想 一直 盯著 不想 動了 另外 今天 吃飯 時候 遇到 一個 jd 上有 看到 底迪 本人 更帥 rrrr 好想 撲上去 w 想問 有沒有 北醫 帥哥 甲甲 很多的 八卦,26,83
164994,臺北醫學大學 藥學系藥學組,m,勝佳 樓上 文具店,2015/4/29,聽說 勝佳 樓上 文具店 櫃檯 報 一個 號碼 就會 很多 折 煩請 知曉 號碼 學長 姐 幫忙 零用錢 不多的 學弟 嗎 tt,18,16
164720,臺北醫學大學,m,藥學系 期中 解剖,2015/4/29,小弟 我是 藥一 期中 成績 剛 出爐 得知 解剖 考的 不太好 故想問 藥學系 學長 姊們 期末 加分 嗎 會當 很多 嗎,4,30
158697,臺北醫學大學,m,b1 學餐 狗,2015/4/25,有人 知道 是誰 掛上去 嗎,13,13
149064,臺北醫學大學,m,北醫 dcard 荒廢 啊,2015/4/20,每次 都是 看到 別人 轉載 文章 熊熊 搶起 dcard 這回事 可是 來看 北醫 版 都很 冷清 耶 拋磚引玉 問問看 這裡 還有 多少人 好拉,11,25
125090,臺北醫學大學 醫學系,m,有人 想出來 走走 散步 聊天 嗎,2015/4/3,最近 開始 見習 每天 壓力 蠻 大的 好不容易 週五 放假 卻沒有 事情 台北 信義區 附近 想出來 走走 聊聊 嗎,13,10
119711,臺北醫學大學,f,關於 wifi,2015/3/30,咦 北醫 北醫 網路 真 tmd 爛 北醫 宿舍 早上 會有 火災 鬧鐘 叫 起床 北醫 美食街 會有 吃膩 一天 北醫 貓頭鷹 油 北醫 是說 比斯 多 可不可以 換 一下 貴 難吃 ˊ ˋ 鹿,24,19
119051,臺北醫學大學,m,畢業 舞會,2015/3/29,fb 滑滑 滑 知道 這幾天 好像 畢業 舞會 這個 活動 等一下 好像 今年 就要 畢業 結果 完全 不知道 這件事 原來 這個 活動 不是 給 畢業生 嗎 感覺 實習 就是 整天 關在 醫院 忙 然後就 與世隔絕 然後 前 幾天 走在 路上 發現 有個 女生 穿著 tmuclassof2015 發現 我的 畢業 帽 ｔ 以為會 全班 都有 一件 現在 也不 知道 買了,13,7
118217,臺北醫學大學,f,暑修 生理,2015/3/29,請問 北醫 暑假 有開 生理 暑修 嗎 嗚嗚 嗚嗚 嗚嗚,2,5
116325,臺北醫學大學 藥學系,m,宗教性 社團 能不能 尊重 一下 學生,2015/3/27,尊重 角度 看待 每個人 宗教信仰 以及 生活習慣 最近 禪修 纏上 整天 我去 分享 講的 口沫橫飛 說是 去了 之後 以前 樣 變成 現在 怎樣 時間 安排 變的 有條理 ok 可能是 真實 有的 改變 確實 獲得 利益 我不是 阿 我有 自己的 生活 雖然是 個魯蛇 並不是 每個人 需要 禪修 更好 怎樣 上網 google 一下 很多 學校 似乎 也有 這種 團體 其中 包含 很多 社會人士 說什麼 還要 繳月費 okfine 那些 不干 我的 事情 你們 那些 強迫 推銷 不就 路邊 賣 包包 一樣 嗎 難道 你們 都沒有 我們的 語氣 感覺到 其實 已經是 再用 各種 理由 搪塞 推諉 盡可能 不要 直接 拒絕 你們 為我們 尊重 你們的 信仰 你們 為什麼 這樣是 教義 嗎 還是 其他 原因 本身 香 拜拜 一年 拿香 次數 可能 一支 手 數的 出來 也就是 過年 或是 祭祖 時候 拜拜 一下 平常 也不會 沒 事情 跑 廟裡 面 別說 叫 別人 一起去 廟裡 面 拜拜 為什麼 總 有些人 廣場 邀請 一起 禱告 叫 我去 聽 你們的 星期天 見證 我能 不能 要求 先 一起 香去 廟裡 面 拜拜 就算 我去 拜拜 也不會 想去 聽 互相 尊重 一下 好不好 管 你們 教義 管 你們 福音 你們 不要 管 拿香 拜拜 各自 幹 各自 活 校 園內 還會 常常 碰面 少 增加 一點 尷尬 好嗎 歡迎 來查 ip 查 水表 就不 隱藏 系級 藥學 x 嗆 嗆,46,15
115409,臺北醫學大學,m,轉系 面試,2015/3/26,小弟 我是 藥學系 轉系 醫學系 請問 學長 姐 轉系 面試 黑 嗎,4,18
90006,臺北醫學大學 保健營養學系,m,徵人 醫學系 普生 報告 卡友,2015/2/25,先 抱怨 一下 老天 這堂課 怎麼 這麼 麻煩 還要 拍 影片 嫌 高年級 太閒 膩 有沒有 一起 加選 卡友 一起 組 一組 不然 可能要 一個人 自導自演 5 分鐘,10,10
88097,臺北醫學大學,f,開學,2015/2/22,大家 阿 開學 三天 大家 怎麼 過呢 直接 翹 嗎 按照 往例 老師 行為 還有 懇請 大家 揪 大家 多來 狄 卡啦 每次 留言 沒 熟悉 學校 唉,21,19
75052,臺北醫學大學,m,換帽 t,2015/2/2,不知道 有沒有 好心人 北醫 hoodie 帽 t 灰色 m 號 我有 一件 紅色 m 號 全新的 想換 真的 覺得 灰色 好好看 紅色 那件 同學 買錯 轉賣 給我 希望 好心人 啊 下水 過也 沒關係,1,3
66938,臺北醫學大學 保健營養學系,m,該 如何 分辨 北醫,2015/1/17,以下 開放 各位 卡友 作答 看看 哪個 共鳴 最大 ㄎ ㄎ,7,21
66563,臺北醫學大學,f,有沒有 學校裡 美女 卦,2015/1/16,繼 之前 帥哥 卦 文 現在 也想 問問 北醫 有沒有 正妹 卦 啊,6,34
65775,臺北醫學大學,f,寒假 耶,2015/1/15,如題 住 外縣市 大家 寒假 都會 回去 還是 留 北醫 打工 有沒有 推薦 朋友 寒假 北醫 找 帶去 哪裡 玩 呀,1,7
64554,臺北醫學大學,f,北醫 大大 不用 dcard,2015/1/13,為何 阿 感覺 變 廢墟 還有 最近 黑特 特別 盛行 然後 大家 安安 期末考 加油 握拳 鹿,20,29
56015,臺北醫學大學 醫學系,m,錯過 邀請,2014/12/25,to 聖誕節 當天 寄 邀請 給 我的 台北 醫學 大學 醫學系 女 同學 抱歉 太忙 忘記 開 dcard 錯過 妳的 好友 邀請 妳 知道 是誰 的話 直接 加 fb 喔 ps 聖誕 快樂,6,0
55030,臺北醫學大學 護理學系,f,疑惑,2014/12/23,其實 滿 早的 時候 好奇 就有 下載 dcard 玩 但是 一直 看不到 同校 出現 學校 本來 不多 嗎 tt 還是 大家 太 害羞 不太 敢 po 文 覺得 有點 失落 刪掉了 不過 後來 臉書 看到 dcrad 貼文 笑 好久 最近 就有 載 回來 玩了 哈哈 期待 看到 學校 3,14,31
46083,臺北醫學大學,f,難過 錯過 同校,2014/11/27,剛剛 點開 信箱 發現 錯過 同是 北醫 護理學 系 女生 好友 邀請 覺得 難過 qq,5,7
44610,臺北醫學大學 呼吸治療學系,m,達叔 離開 以後,2014/11/22,前 幾天 朋友 威秀 路上 紅燈 看到 遊覽車 後面 掛著 熟悉 名字 竟然是 好久不見 達叔 有沒有 離開 衛福部 之後的 掛,5,4
42771,臺北醫學大學,f,有沒有 學校裡 帥哥 八掛,2014/11/16,如題 請 大家 提供 北醫 帥哥 掛要 真的 帥 喔 別鬧 覺得 空虛,9,39
41283,臺北醫學大學,f,休閒 娛樂,2014/11/11,請問 各位 大大 北醫 為啥 都沒有 甚麼 舞會 之類 或有 愛 打麻將 嗎,9,29
38018,臺北醫學大學 藥學系,m,關於 通識課 賴,2014/10/27,題在 禮拜一 早八 以外 其他 通識課 的賴 老師 比較 嚴格 嗎 感覺 早八 這堂 好玩,2,6
31873,臺北醫學大學 醫學系,m,達叔 怎麼 找 這種 腦殘來當 手下,2014/9/6,新聞 連結 httpstwnewsyahoocom 沒 證據 有害 健康 扯 油 風暴 定調 食安 綠燈 195300335html,2,0
25475,臺北醫學大學 醫學系,m,達叔 會不會 快要 一路 走 ˊ ˋ,2014/7/15,1 掛名 論文 多綠委爆 邱文達 1 年產 152 篇 httpnewtalktwnews2014071549237html2 台中 榮總 公費 論文 抄襲 邱文達 掛名 httpwwwappledailycomtwrealtimenewsarticlenew20140319362574,1,3
23673,臺北醫學大學 醫務管理學系,f,統計 一下 大家 來自 哪個 系,2014/6/25,突然 想知道 大家 都是 系所 問 一下,2,93
22851,臺北醫學大學,m,不知道 大家 首 抽 如何,2014/6/18,話說 北醫 也是 兩天 加入 dcard 雖說 小弟 還沒有 上手 想說 首 抽 不管怎樣 還是 發個 邀請 目前 貌似 match 失敗 xdd 有人 成功 嗎 還是 其實在 dcard 世界 都是 看看 就好 發 邀請 的話 再說,1,37
22678,臺北醫學大學,f,北醫 故事,2014/6/17,入學 以前 查遍 北醫 阿飄 故事 好像 沒什麼 耶 除了 一點 溫馨的 大體 故事 跪求 北醫 小秘密,7,52
